ExternalPointID,Tags,Parent Equipment Name,Site Name,FrequencyUnit,Time,Timezone,OnCount,OffCount,Average,Minimum,Maximum,Sum,State
PNTM9M2jMkKm3GLHpLiq3J4gE,"","North Campus",6c2573ce-592a-4519-989c-2fd21d6918b7,"W", 08/18/2025 05:30:00 PM,"(UTC-07:00) Arizona",,,4606214.5,4606214.5,4606214.5,
PNTM9M2jMkKm3GLHpLiq3J4gE,"","North Campus",6c2573ce-592a-4519-989c-2fd21d6918b7,"W", 08/18/2025 05:45:00 PM,"(UTC-07:00) Arizona",,,4586333.16666667,4567027,4617465,
PNTM9M2jMkKm3GLHpLiq3J4gE,"","North Campus",6c2573ce-592a-4519-989c-2fd21d6918b7,"W", 08/18/2025 06:00:00 PM,"(UTC-07:00) Arizona",,,4456954.66666667,4422698.5,4484660,
PNTM9M2jMkKm3GLHpLiq3J4gE,"","North Campus",6c2573ce-592a-4519-989c-2fd21d6918b7,"W", 08/18/2025 06:15:00 PM,"(UTC-07:00) Arizona",,,4439356,4361184,4493378.5,
PNTM9M2jMkKm3GLHpLiq3J4gE,"","North Campus",6c2573ce-592a-4519-989c-2fd21d6918b7,"W", 08/18/2025 06:30:00 PM,"(UTC-07:00) Arizona",,,4367845.25,4332215.5,4409344.5,
PNTM9M2jMkKm3GLHpLiq3J4gE,"","North Campus",6c2573ce-592a-4519-989c-2fd21d6918b7,"W", 08/18/2025 06:45:00 PM,"(UTC-07:00) Arizona",,,4391836.25,4371926.5,4411746,
PNTM9M2jMkKm3GLHpLiq3J4gE,"","North Campus",6c2573ce-592a-4519-989c-2fd21d6918b7,"W", 08/18/2025 07:00:00 PM,"(UTC-07:00) Arizona",,,4176143.5,4121823,4195542.5,
PNTM9M2jMkKm3GLHpLiq3J4gE,"","North Campus",6c2573ce-592a-4519-989c-2fd21d6918b7,"W", 08/18/2025 07:15:00 PM,"(UTC-07:00) Arizona",,,4093949.63333333,4071557.2,4134630.2,
PNTM9M2jMkKm3GLHpLiq3J4gE,"","North Campus",6c2573ce-592a-4519-989c-2fd21d6918b7,"W", 08/18/2025 07:30:00 PM,"(UTC-07:00) Arizona",,,4039934.15,4028327.5,4051540.8,
PNTM9M2jMkKm3GLHpLiq3J4gE,"","North Campus",6c2573ce-592a-4519-989c-2fd21d6918b7,"W", 08/18/2025 07:45:00 PM,"(UTC-07:00) Arizona",,,3970092.16666667,3953093.8,3980491.5,
PNTM9M2jMkKm3GLHpLiq3J4gE,"","North Campus",6c2573ce-592a-4519-989c-2fd21d6918b7,"W", 08/18/2025 08:00:00 PM,"(UTC-07:00) Arizona",,,3929493.96666667,3897807.5,3960196.2,
PNTM9M2jMkKm3GLHpLiq3J4gE,"","North Campus",6c2573ce-592a-4519-989c-2fd21d6918b7,"W", 08/18/2025 08:15:00 PM,"(UTC-07:00) Arizona",,,3835707.46666667,3820832,3848065.2,
PNTM9M2jMkKm3GLHpLiq3J4gE,"","North Campus",6c2573ce-592a-4519-989c-2fd21d6918b7,"W", 08/18/2025 08:30:00 PM,"(UTC-07:00) Arizona",,,3810973.33333333,3799874,3825128.2,
PNTM9M2jMkKm3GLHpLiq3J4gE,"","North Campus",6c2573ce-592a-4519-989c-2fd21d6918b7,"W", 08/18/2025 08:45:00 PM,"(UTC-07:00) Arizona",,,3766440,3717082.2,3810545.8,
PNTM9M2jMkKm3GLHpLiq3J4gE,"","North Campus",6c2573ce-592a-4519-989c-2fd21d6918b7,"W", 08/18/2025 09:00:00 PM,"(UTC-07:00) Arizona",,,3741342.16666667,3707653,3763957,
PNTM9M2jMkKm3GLHpLiq3J4gE,"","North Campus",6c2573ce-592a-4519-989c-2fd21d6918b7,"W", 08/18/2025 09:15:00 PM,"(UTC-07:00) Arizona",,,3695803.06666667,3662911.2,3732327.2,
PNTM9M2jMkKm3GLHpLiq3J4gE,"","North Campus",6c2573ce-592a-4519-989c-2fd21d6918b7,"W", 08/18/2025 09:30:00 PM,"(UTC-07:00) Arizona",,,3660321.26666667,3626792,3689496.8,
PNTM9M2jMkKm3GLHpLiq3J4gE,"","North Campus",6c2573ce-592a-4519-989c-2fd21d6918b7,"W", 08/18/2025 09:45:00 PM,"(UTC-07:00) Arizona",,,3590506,3538110.5,3617326.5,
PNTM9M2jMkKm3GLHpLiq3J4gE,"","North Campus",6c2573ce-592a-4519-989c-2fd21d6918b7,"W", 08/18/2025 10:00:00 PM,"(UTC-07:00) Arizona",,,3540344.43333333,3536585.8,3545372,
PNTM9M2jMkKm3GLHpLiq3J4gE,"","North Campus",6c2573ce-592a-4519-989c-2fd21d6918b7,"W", 08/18/2025 10:15:00 PM,"(UTC-07:00) Arizona",,,3538506.9,3495510.2,3573312.5,
PNTM9M2jMkKm3GLHpLiq3J4gE,"","North Campus",6c2573ce-592a-4519-989c-2fd21d6918b7,"W", 08/18/2025 10:30:00 PM,"(UTC-07:00) Arizona",,,3507752.4,3490112,3524917.2,
PNTM9M2jMkKm3GLHpLiq3J4gE,"","North Campus",6c2573ce-592a-4519-989c-2fd21d6918b7,"W", 08/18/2025 10:45:00 PM,"(UTC-07:00) Arizona",,,3475239.6,3437024.8,3506295.8,
PNTM9M2jMkKm3GLHpLiq3J4gE,"","North Campus",6c2573ce-592a-4519-989c-2fd21d6918b7,"W", 08/18/2025 11:00:00 PM,"(UTC-07:00) Arizona",,,3386175.86666667,3361332.2,3411653.2,
PNTM9M2jMkKm3GLHpLiq3J4gE,"","North Campus",6c2573ce-592a-4519-989c-2fd21d6918b7,"W", 08/18/2025 11:15:00 PM,"(UTC-07:00) Arizona",,,3357687.33333333,3300306,3439844.5,
PNTM9M2jMkKm3GLHpLiq3J4gE,"","North Campus",6c2573ce-592a-4519-989c-2fd21d6918b7,"W", 08/18/2025 11:30:00 PM,"(UTC-07:00) Arizona",,,3289872.5,3276310.5,3304584.2,
PNTM9M2jMkKm3GLHpLiq3J4gE,"","North Campus",6c2573ce-592a-4519-989c-2fd21d6918b7,"W", 08/18/2025 11:45:00 PM,"(UTC-07:00) Arizona",,,3283486.8,3272525.8,3296904.8,
PNTM9M2jMkKm3GLHpLiq3J4gE,"","North Campus",6c2573ce-592a-4519-989c-2fd21d6918b7,"W", 08/19/2025 12:00:00 AM,"(UTC-07:00) Arizona",,,3251662.6,3249474.8,3254929.5,
PNTM9M2jMkKm3GLHpLiq3J4gE,"","North Campus",6c2573ce-592a-4519-989c-2fd21d6918b7,"W", 08/19/2025 12:15:00 AM,"(UTC-07:00) Arizona",,,3252546.4,3231798.8,3268755.2,
PNTM9M2jMkKm3GLHpLiq3J4gE,"","North Campus",6c2573ce-592a-4519-989c-2fd21d6918b7,"W", 08/19/2025 12:30:00 AM,"(UTC-07:00) Arizona",,,3188409.76666667,3162280.5,3202993,
PNTM9M2jMkKm3GLHpLiq3J4gE,"","North Campus",6c2573ce-592a-4519-989c-2fd21d6918b7,"W", 08/19/2025 12:45:00 AM,"(UTC-07:00) Arizona",,,3182427.35,3168387.5,3196467.2,
PNTM9M2jMkKm3GLHpLiq3J4gE,"","North Campus",6c2573ce-592a-4519-989c-2fd21d6918b7,"W", 08/19/2025 01:00:00 AM,"(UTC-07:00) Arizona",,,3179525.45,3161972.8,3211151,
PNTM9M2jMkKm3GLHpLiq3J4gE,"","North Campus",6c2573ce-592a-4519-989c-2fd21d6918b7,"W", 08/19/2025 01:15:00 AM,"(UTC-07:00) Arizona",,,3158718.6,3146209.8,3170679.2,
PNTM9M2jMkKm3GLHpLiq3J4gE,"","North Campus",6c2573ce-592a-4519-989c-2fd21d6918b7,"W", 08/19/2025 01:30:00 AM,"(UTC-07:00) Arizona",,,3170253.5,3161429.8,3179077.2,
PNTM9M2jMkKm3GLHpLiq3J4gE,"","North Campus",6c2573ce-592a-4519-989c-2fd21d6918b7,"W", 08/19/2025 01:45:00 AM,"(UTC-07:00) Arizona",,,3136054.93333333,3111063.5,3153492.5,
PNTM9M2jMkKm3GLHpLiq3J4gE,"","North Campus",6c2573ce-592a-4519-989c-2fd21d6918b7,"W", 08/19/2025 02:00:00 AM,"(UTC-07:00) Arizona",,,3100963.05,3084368,3112141.2,
PNTM9M2jMkKm3GLHpLiq3J4gE,"","North Campus",6c2573ce-592a-4519-989c-2fd21d6918b7,"W", 08/19/2025 02:15:00 AM,"(UTC-07:00) Arizona",,,3136152.03333333,3095037.8,3184255.5,
PNTM9M2jMkKm3GLHpLiq3J4gE,"","North Campus",6c2573ce-592a-4519-989c-2fd21d6918b7,"W", 08/19/2025 02:30:00 AM,"(UTC-07:00) Arizona",,,3124274,3114566,3130417.8,
PNTM9M2jMkKm3GLHpLiq3J4gE,"","North Campus",6c2573ce-592a-4519-989c-2fd21d6918b7,"W", 08/19/2025 02:45:00 AM,"(UTC-07:00) Arizona",,,3107049.1,3086655.2,3127443,
PNTM9M2jMkKm3GLHpLiq3J4gE,"","North Campus",6c2573ce-592a-4519-989c-2fd21d6918b7,"W", 08/19/2025 03:00:00 AM,"(UTC-07:00) Arizona",,,3121241.13333333,3108608.2,3136132.2,
PNTM9M2jMkKm3GLHpLiq3J4gE,"","North Campus",6c2573ce-592a-4519-989c-2fd21d6918b7,"W", 08/19/2025 03:15:00 AM,"(UTC-07:00) Arizona",,,3169046.1,3093944.5,3211472,
PNTM9M2jMkKm3GLHpLiq3J4gE,"","North Campus",6c2573ce-592a-4519-989c-2fd21d6918b7,"W", 08/19/2025 03:30:00 AM,"(UTC-07:00) Arizona",,,3231728.875,3163709,3297666,
PNTM9M2jMkKm3GLHpLiq3J4gE,"","North Campus",6c2573ce-592a-4519-989c-2fd21d6918b7,"W", 08/19/2025 03:45:00 AM,"(UTC-07:00) Arizona",,,3217848.15,3203573.8,3232122.5,
PNTM9M2jMkKm3GLHpLiq3J4gE,"","North Campus",6c2573ce-592a-4519-989c-2fd21d6918b7,"W", 08/19/2025 04:00:00 AM,"(UTC-07:00) Arizona",,,3300790.025,3257353.5,3321811.8,
PNTM9M2jMkKm3GLHpLiq3J4gE,"","North Campus",6c2573ce-592a-4519-989c-2fd21d6918b7,"W", 08/19/2025 04:15:00 AM,"(UTC-07:00) Arizona",,,3323648.2,3310534.2,3336762.2,
PNTM9M2jMkKm3GLHpLiq3J4gE,"","North Campus",6c2573ce-592a-4519-989c-2fd21d6918b7,"W", 08/19/2025 04:30:00 AM,"(UTC-07:00) Arizona",,,3315286.76666667,3304925.8,3332526,
PNTM9M2jMkKm3GLHpLiq3J4gE,"","North Campus",6c2573ce-592a-4519-989c-2fd21d6918b7,"W", 08/19/2025 04:45:00 AM,"(UTC-07:00) Arizona",,,3325528.75,3316067.5,3334990,
PNTM9M2jMkKm3GLHpLiq3J4gE,"","North Campus",6c2573ce-592a-4519-989c-2fd21d6918b7,"W", 08/19/2025 05:00:00 AM,"(UTC-07:00) Arizona",,,3334269.83333333,3327325,3340236.5,
PNTM9M2jMkKm3GLHpLiq3J4gE,"","North Campus",6c2573ce-592a-4519-989c-2fd21d6918b7,"W", 08/19/2025 05:15:00 AM,"(UTC-07:00) Arizona",,,3353796.6,3309795.2,3381048.8,
PNTM9M2jMkKm3GLHpLiq3J4gE,"","North Campus",6c2573ce-592a-4519-989c-2fd21d6918b7,"W", 08/19/2025 05:30:00 AM,"(UTC-07:00) Arizona",,,3319611,3302477,3335648.5,
PNTM9M2jMkKm3GLHpLiq3J4gE,"","North Campus",6c2573ce-592a-4519-989c-2fd21d6918b7,"W", 08/19/2025 05:45:00 AM,"(UTC-07:00) Arizona",,,3313396.26666667,3292004.8,3325421,
PNTM9M2jMkKm3GLHpLiq3J4gE,"","North Campus",6c2573ce-592a-4519-989c-2fd21d6918b7,"W", 08/19/2025 06:00:00 AM,"(UTC-07:00) Arizona",,,3424547.5,3387122.2,3444787.5,
PNTM9M2jMkKm3GLHpLiq3J4gE,"","North Campus",6c2573ce-592a-4519-989c-2fd21d6918b7,"W", 08/19/2025 06:15:00 AM,"(UTC-07:00) Arizona",,,3381957.26666667,3357929.5,3408237.8,
PNTM9M2jMkKm3GLHpLiq3J4gE,"","North Campus",6c2573ce-592a-4519-989c-2fd21d6918b7,"W", 08/19/2025 06:30:00 AM,"(UTC-07:00) Arizona",,,3423360.76666667,3364367.5,3491646,
PNTM9M2jMkKm3GLHpLiq3J4gE,"","North Campus",6c2573ce-592a-4519-989c-2fd21d6918b7,"W", 08/19/2025 06:45:00 AM,"(UTC-07:00) Arizona",,,3512935.03333333,3463847.5,3590351.8,
PNTM9M2jMkKm3GLHpLiq3J4gE,"","North Campus",6c2573ce-592a-4519-989c-2fd21d6918b7,"W", 08/19/2025 07:00:00 AM,"(UTC-07:00) Arizona",,,3638599.66666667,3631655,3650181,
PNTM9M2jMkKm3GLHpLiq3J4gE,"","North Campus",6c2573ce-592a-4519-989c-2fd21d6918b7,"W", 08/19/2025 07:15:00 AM,"(UTC-07:00) Arizona",,,3638241.93333333,3623291.8,3652637.5,
PNTM9M2jMkKm3GLHpLiq3J4gE,"","North Campus",6c2573ce-592a-4519-989c-2fd21d6918b7,"W", 08/19/2025 07:30:00 AM,"(UTC-07:00) Arizona",,,3711435.33333333,3692801.2,3743765,
PNTM9M2jMkKm3GLHpLiq3J4gE,"","North Campus",6c2573ce-592a-4519-989c-2fd21d6918b7,"W", 08/19/2025 07:45:00 AM,"(UTC-07:00) Arizona",,,3916536.66666667,3881922,3968517.5,
PNTM9M2jMkKm3GLHpLiq3J4gE,"","North Campus",6c2573ce-592a-4519-989c-2fd21d6918b7,"W", 08/19/2025 08:00:00 AM,"(UTC-07:00) Arizona",,,4052783.33333333,4034245,4082643.8,
PNTM9M2jMkKm3GLHpLiq3J4gE,"","North Campus",6c2573ce-592a-4519-989c-2fd21d6918b7,"W", 08/19/2025 08:15:00 AM,"(UTC-07:00) Arizona",,,4136390.7,4118391.5,4153044.8,
PNTM9M2jMkKm3GLHpLiq3J4gE,"","North Campus",6c2573ce-592a-4519-989c-2fd21d6918b7,"W", 08/19/2025 08:30:00 AM,"(UTC-07:00) Arizona",,,4196126.4,4180452.2,4204945.5,
PNTM9M2jMkKm3GLHpLiq3J4gE,"","North Campus",6c2573ce-592a-4519-989c-2fd21d6918b7,"W", 08/19/2025 08:45:00 AM,"(UTC-07:00) Arizona",,,4223836.5,4206220,4236469,
PNTM9M2jMkKm3GLHpLiq3J4gE,"","North Campus",6c2573ce-592a-4519-989c-2fd21d6918b7,"W", 08/19/2025 09:00:00 AM,"(UTC-07:00) Arizona",,,4206053.85,4051010.2,4361097.5,
PNTM9M2jMkKm3GLHpLiq3J4gE,"","North Campus",6c2573ce-592a-4519-989c-2fd21d6918b7,"W", 08/19/2025 09:15:00 AM,"(UTC-07:00) Arizona",,,4470370.66666667,4423388.5,4530481,
PNTM9M2jMkKm3GLHpLiq3J4gE,"","North Campus",6c2573ce-592a-4519-989c-2fd21d6918b7,"W", 08/19/2025 09:30:00 AM,"(UTC-07:00) Arizona",,,4494646.25,4485976,4503316.5,
PNTM9M2jMkKm3GLHpLiq3J4gE,"","North Campus",6c2573ce-592a-4519-989c-2fd21d6918b7,"W", 08/19/2025 03:45:00 PM,"(UTC-07:00) Arizona",,,5093397,5093397,5093397,
PNTM9M2jMkKm3GLHpLiq3J4gE,"","North Campus",6c2573ce-592a-4519-989c-2fd21d6918b7,"W", 08/19/2025 04:00:00 PM,"(UTC-07:00) Arizona",,,5089961.75,5075540,5104383.5,
PNTM9M2jMkKm3GLHpLiq3J4gE,"","North Campus",6c2573ce-592a-4519-989c-2fd21d6918b7,"W", 08/19/2025 04:15:00 PM,"(UTC-07:00) Arizona",,,5073518,5042923.5,5115844,
PNTM9M2jMkKm3GLHpLiq3J4gE,"","North Campus",6c2573ce-592a-4519-989c-2fd21d6918b7,"W", 08/19/2025 04:30:00 PM,"(UTC-07:00) Arizona",,,4928785.16666667,4852563.5,4981604.5,
PNTM9M2jMkKm3GLHpLiq3J4gE,"","North Campus",6c2573ce-592a-4519-989c-2fd21d6918b7,"W", 08/19/2025 04:45:00 PM,"(UTC-07:00) Arizona",,,4958026.5,4942061,4973992,
PNTM9M2jMkKm3GLHpLiq3J4gE,"","North Campus",6c2573ce-592a-4519-989c-2fd21d6918b7,"W", 08/19/2025 05:00:00 PM,"(UTC-07:00) Arizona",,,4890601.16666667,4870607.5,4923309.5,
PNTM9M2jMkKm3GLHpLiq3J4gE,"","North Campus",6c2573ce-592a-4519-989c-2fd21d6918b7,"W", 08/19/2025 05:15:00 PM,"(UTC-07:00) Arizona",,,4835862.75,4757874.5,4883659.5,
PNTM9M2jMkKm3GLHpLiq3J4gE,"","North Campus",6c2573ce-592a-4519-989c-2fd21d6918b7,"W", 08/19/2025 05:30:00 PM,"(UTC-07:00) Arizona",,,4775902.16666667,4757527.5,4793392,
PNTM9M2jMkKm3GLHpLiq3J4gE,"","North Campus",6c2573ce-592a-4519-989c-2fd21d6918b7,"W", 08/19/2025 05:45:00 PM,"(UTC-07:00) Arizona",,,4790362.5,4790362.5,4790362.5,
PNTM9M2jMkKm3GLHpLiq3J4gE,"","North Campus",6c2573ce-592a-4519-989c-2fd21d6918b7,"W", 08/19/2025 06:00:00 PM,"(UTC-07:00) Arizona",,,4605199,4578780.5,4621057,
PNTM9M2jMkKm3GLHpLiq3J4gE,"","North Campus",6c2573ce-592a-4519-989c-2fd21d6918b7,"W", 08/19/2025 06:15:00 PM,"(UTC-07:00) Arizona",,,4596055.66666667,4577624,4613863,
PNTM9M2jMkKm3GLHpLiq3J4gE,"","North Campus",6c2573ce-592a-4519-989c-2fd21d6918b7,"W", 08/19/2025 06:30:00 PM,"(UTC-07:00) Arizona",,,4540946,4519931,4554036.5,
PNTM9M2jMkKm3GLHpLiq3J4gE,"","North Campus",6c2573ce-592a-4519-989c-2fd21d6918b7,"W", 08/19/2025 06:45:00 PM,"(UTC-07:00) Arizona",,,4483753.125,4332852,4570487.5,
PNTM9M2jMkKm3GLHpLiq3J4gE,"","North Campus",6c2573ce-592a-4519-989c-2fd21d6918b7,"W", 08/19/2025 07:00:00 PM,"(UTC-07:00) Arizona",,,4276280.83333333,4210556.5,4309143,
PNTM9M2jMkKm3GLHpLiq3J4gE,"","North Campus",6c2573ce-592a-4519-989c-2fd21d6918b7,"W", 08/19/2025 07:15:00 PM,"(UTC-07:00) Arizona",,,4207941.25,4184873,4231009.5,
PNTM9M2jMkKm3GLHpLiq3J4gE,"","North Campus",6c2573ce-592a-4519-989c-2fd21d6918b7,"W", 08/19/2025 07:30:00 PM,"(UTC-07:00) Arizona",,,4153986.13333333,4137979.2,4179073,
PNTM9M2jMkKm3GLHpLiq3J4gE,"","North Campus",6c2573ce-592a-4519-989c-2fd21d6918b7,"W", 08/19/2025 07:45:00 PM,"(UTC-07:00) Arizona",,,4105907.66666667,4055513.2,4157661,
PNTM9M2jMkKm3GLHpLiq3J4gE,"","North Campus",6c2573ce-592a-4519-989c-2fd21d6918b7,"W", 08/19/2025 08:00:00 PM,"(UTC-07:00) Arizona",,,4018724.16666667,3998080.8,4051320.5,
PNTM9M2jMkKm3GLHpLiq3J4gE,"","North Campus",6c2573ce-592a-4519-989c-2fd21d6918b7,"W", 08/19/2025 08:15:00 PM,"(UTC-07:00) Arizona",,,3958377.4,3943488.2,3967587,
PNTM9M2jMkKm3GLHpLiq3J4gE,"","North Campus",6c2573ce-592a-4519-989c-2fd21d6918b7,"W", 08/19/2025 08:30:00 PM,"(UTC-07:00) Arizona",,,3942301.4,3918812.8,3986953,
PNTM9M2jMkKm3GLHpLiq3J4gE,"","North Campus",6c2573ce-592a-4519-989c-2fd21d6918b7,"W", 08/19/2025 08:45:00 PM,"(UTC-07:00) Arizona",,,3905358.5,3884479.5,3926237.5,
PNTM9M2jMkKm3GLHpLiq3J4gE,"","North Campus",6c2573ce-592a-4519-989c-2fd21d6918b7,"W", 08/19/2025 09:00:00 PM,"(UTC-07:00) Arizona",,,3830538.425,3803993,3848619.5,
PNTM9M2jMkKm3GLHpLiq3J4gE,"","North Campus",6c2573ce-592a-4519-989c-2fd21d6918b7,"W", 08/19/2025 09:15:00 PM,"(UTC-07:00) Arizona",,,3797334.35,3794828.2,3799840.5,
PNTM9M2jMkKm3GLHpLiq3J4gE,"","North Campus",6c2573ce-592a-4519-989c-2fd21d6918b7,"W", 08/19/2025 09:30:00 PM,"(UTC-07:00) Arizona",,,3675387.96666667,3624177.5,3708498.2,
PNTM9M2jMkKm3GLHpLiq3J4gE,"","North Campus",6c2573ce-592a-4519-989c-2fd21d6918b7,"W", 08/19/2025 09:45:00 PM,"(UTC-07:00) Arizona",,,3765575.73333333,3745407,3786895.2,
PNTM9M2jMkKm3GLHpLiq3J4gE,"","North Campus",6c2573ce-592a-4519-989c-2fd21d6918b7,"W", 08/19/2025 10:00:00 PM,"(UTC-07:00) Arizona",,,3721703.5,3716945.5,3728356.2,
PNTM9M2jMkKm3GLHpLiq3J4gE,"","North Campus",6c2573ce-592a-4519-989c-2fd21d6918b7,"W", 08/19/2025 10:15:00 PM,"(UTC-07:00) Arizona",,,3706402.13333333,3686758.8,3720839.8,
PNTM9M2jMkKm3GLHpLiq3J4gE,"","North Campus",6c2573ce-592a-4519-989c-2fd21d6918b7,"W", 08/19/2025 10:30:00 PM,"(UTC-07:00) Arizona",,,3706928.76666667,3696485.8,3714875,
PNTM9M2jMkKm3GLHpLiq3J4gE,"","North Campus",6c2573ce-592a-4519-989c-2fd21d6918b7,"W", 08/19/2025 10:45:00 PM,"(UTC-07:00) Arizona",,,3618808.16666667,3543910.2,3663454.8,
PNTM9M2jMkKm3GLHpLiq3J4gE,"","North Campus",6c2573ce-592a-4519-989c-2fd21d6918b7,"W", 08/19/2025 11:00:00 PM,"(UTC-07:00) Arizona",,,3544330.06666667,3528337,3557866,
PNTM9M2jMkKm3GLHpLiq3J4gE,"","North Campus",6c2573ce-592a-4519-989c-2fd21d6918b7,"W", 08/19/2025 11:15:00 PM,"(UTC-07:00) Arizona",,,3501967.66666667,3459268,3548298,
PNTM9M2jMkKm3GLHpLiq3J4gE,"","North Campus",6c2573ce-592a-4519-989c-2fd21d6918b7,"W", 08/19/2025 11:30:00 PM,"(UTC-07:00) Arizona",,,3413746.5,3397452,3429585.5,
PNTM9M2jMkKm3GLHpLiq3J4gE,"","North Campus",6c2573ce-592a-4519-989c-2fd21d6918b7,"W", 08/19/2025 11:45:00 PM,"(UTC-07:00) Arizona",,,3397642.26666667,3349468,3423156,
PNTM9M2jMkKm3GLHpLiq3J4gE,"","North Campus",6c2573ce-592a-4519-989c-2fd21d6918b7,"W", 08/20/2025 12:00:00 AM,"(UTC-07:00) Arizona",,,3363415.06666667,3349976.8,3385916.2,
PNTM9M2jMkKm3GLHpLiq3J4gE,"","North Campus",6c2573ce-592a-4519-989c-2fd21d6918b7,"W", 08/20/2025 12:15:00 AM,"(UTC-07:00) Arizona",,,3325684.86666667,3299510,3367906.8,
PNTM9M2jMkKm3GLHpLiq3J4gE,"","North Campus",6c2573ce-592a-4519-989c-2fd21d6918b7,"W", 08/20/2025 12:30:00 AM,"(UTC-07:00) Arizona",,,3297154.73333333,3281464.5,3314826.5,
PNTM9M2jMkKm3GLHpLiq3J4gE,"","North Campus",6c2573ce-592a-4519-989c-2fd21d6918b7,"W", 08/20/2025 12:45:00 AM,"(UTC-07:00) Arizona",,,3282690.96666667,3264598.2,3300341.5,
PNTM9M2jMkKm3GLHpLiq3J4gE,"","North Campus",6c2573ce-592a-4519-989c-2fd21d6918b7,"W", 08/20/2025 01:00:00 AM,"(UTC-07:00) Arizona",,,3309112.6,3279680.8,3326942.2,
PNTM9M2jMkKm3GLHpLiq3J4gE,"","North Campus",6c2573ce-592a-4519-989c-2fd21d6918b7,"W", 08/20/2025 01:15:00 AM,"(UTC-07:00) Arizona",,,3287855.06666667,3247368,3330818,
PNTM9M2jMkKm3GLHpLiq3J4gE,"","North Campus",6c2573ce-592a-4519-989c-2fd21d6918b7,"W", 08/20/2025 01:30:00 AM,"(UTC-07:00) Arizona",,,3286957.73333333,3271386,3310537,
PNTM9M2jMkKm3GLHpLiq3J4gE,"","North Campus",6c2573ce-592a-4519-989c-2fd21d6918b7,"W", 08/20/2025 01:45:00 AM,"(UTC-07:00) Arizona",,,3288301.85,3284653.5,3291950.2,
PNTM9M2jMkKm3GLHpLiq3J4gE,"","North Campus",6c2573ce-592a-4519-989c-2fd21d6918b7,"W", 08/20/2025 02:00:00 AM,"(UTC-07:00) Arizona",,,3280512.1,3266758,3313405.2,
PNTM9M2jMkKm3GLHpLiq3J4gE,"","North Campus",6c2573ce-592a-4519-989c-2fd21d6918b7,"W", 08/20/2025 02:15:00 AM,"(UTC-07:00) Arizona",,,3259160.8,3237624.2,3290237,
PNTM9M2jMkKm3GLHpLiq3J4gE,"","North Campus",6c2573ce-592a-4519-989c-2fd21d6918b7,"W", 08/20/2025 02:30:00 AM,"(UTC-07:00) Arizona",,,3251906.5,3240331.5,3260879.5,
PNTM9M2jMkKm3GLHpLiq3J4gE,"","North Campus",6c2573ce-592a-4519-989c-2fd21d6918b7,"W", 08/20/2025 02:45:00 AM,"(UTC-07:00) Arizona",,,3271895.5,3265323.8,3277051.2,
PNTM9M2jMkKm3GLHpLiq3J4gE,"","North Campus",6c2573ce-592a-4519-989c-2fd21d6918b7,"W", 08/20/2025 03:00:00 AM,"(UTC-07:00) Arizona",,,3288470.7,3278427.2,3298514.2,
PNTM9M2jMkKm3GLHpLiq3J4gE,"","North Campus",6c2573ce-592a-4519-989c-2fd21d6918b7,"W", 08/20/2025 03:15:00 AM,"(UTC-07:00) Arizona",,,3300433.45,3247302,3368598.5,
PNTM9M2jMkKm3GLHpLiq3J4gE,"","North Campus",6c2573ce-592a-4519-989c-2fd21d6918b7,"W", 08/20/2025 03:30:00 AM,"(UTC-07:00) Arizona",,,3331098.5,3303988.5,3358208.5,
PNTM9M2jMkKm3GLHpLiq3J4gE,"","North Campus",6c2573ce-592a-4519-989c-2fd21d6918b7,"W", 08/20/2025 03:45:00 AM,"(UTC-07:00) Arizona",,,3331053.1,3325978.8,3339848.5,
PNTM9M2jMkKm3GLHpLiq3J4gE,"","North Campus",6c2573ce-592a-4519-989c-2fd21d6918b7,"W", 08/20/2025 04:00:00 AM,"(UTC-07:00) Arizona",,,3357142.13333333,3336936.8,3386706.8,
PNTM9M2jMkKm3GLHpLiq3J4gE,"","North Campus",6c2573ce-592a-4519-989c-2fd21d6918b7,"W", 08/20/2025 04:15:00 AM,"(UTC-07:00) Arizona",,,3399578.65,3397604.5,3401552.8,
PNTM9M2jMkKm3GLHpLiq3J4gE,"","North Campus",6c2573ce-592a-4519-989c-2fd21d6918b7,"W", 08/20/2025 04:30:00 AM,"(UTC-07:00) Arizona",,,3389278.76666667,3374616.8,3412623.5,
PNTM9M2jMkKm3GLHpLiq3J4gE,"","North Campus",6c2573ce-592a-4519-989c-2fd21d6918b7,"W", 08/20/2025 04:45:00 AM,"(UTC-07:00) Arizona",,,3426668.875,3404052,3454131.5,
PNTM9M2jMkKm3GLHpLiq3J4gE,"","North Campus",6c2573ce-592a-4519-989c-2fd21d6918b7,"W", 08/20/2025 05:00:00 AM,"(UTC-07:00) Arizona",,,3417379.7,3402049.2,3432710.2,
PNTM9M2jMkKm3GLHpLiq3J4gE,"","North Campus",6c2573ce-592a-4519-989c-2fd21d6918b7,"W", 08/20/2025 05:15:00 AM,"(UTC-07:00) Arizona",,,3443314.45,3424187.2,3462331.8,
PNTM9M2jMkKm3GLHpLiq3J4gE,"","North Campus",6c2573ce-592a-4519-989c-2fd21d6918b7,"W", 08/20/2025 05:30:00 AM,"(UTC-07:00) Arizona",,,3420471.2,3420471.2,3420471.2,
PNTM9M2jMkKm3GLHpLiq3J4gE,"","North Campus",6c2573ce-592a-4519-989c-2fd21d6918b7,"W", 08/20/2025 05:45:00 AM,"(UTC-07:00) Arizona",,,3449091.73333333,3412123,3501450.2,
PNTM9M2jMkKm3GLHpLiq3J4gE,"","North Campus",6c2573ce-592a-4519-989c-2fd21d6918b7,"W", 08/20/2025 06:00:00 AM,"(UTC-07:00) Arizona",,,3555136.36666667,3547909.5,3561046.8,
PNTM9M2jMkKm3GLHpLiq3J4gE,"","North Campus",6c2573ce-592a-4519-989c-2fd21d6918b7,"W", 08/20/2025 06:15:00 AM,"(UTC-07:00) Arizona",,,3575741.86666667,3572648.8,3580350,
PNTM9M2jMkKm3GLHpLiq3J4gE,"","North Campus",6c2573ce-592a-4519-989c-2fd21d6918b7,"W", 08/20/2025 06:30:00 AM,"(UTC-07:00) Arizona",,,3654455.75,3632558.2,3681218.2,
PNTM9M2jMkKm3GLHpLiq3J4gE,"","North Campus",6c2573ce-592a-4519-989c-2fd21d6918b7,"W", 08/20/2025 06:45:00 AM,"(UTC-07:00) Arizona",,,3696591,3604275.2,3805408,
PNTM9M2jMkKm3GLHpLiq3J4gE,"","North Campus",6c2573ce-592a-4519-989c-2fd21d6918b7,"W", 08/20/2025 07:00:00 AM,"(UTC-07:00) Arizona",,,3887996.75,3878416.5,3897577,
PNTM9M2jMkKm3GLHpLiq3J4gE,"","North Campus",6c2573ce-592a-4519-989c-2fd21d6918b7,"W", 08/20/2025 07:15:00 AM,"(UTC-07:00) Arizona",,,3810297.9,3759672.5,3866890.8,
PNTM9M2jMkKm3GLHpLiq3J4gE,"","North Campus",6c2573ce-592a-4519-989c-2fd21d6918b7,"W", 08/20/2025 07:30:00 AM,"(UTC-07:00) Arizona",,,3821686.15,3789646.8,3853725.5,
PNTM9M2jMkKm3GLHpLiq3J4gE,"","North Campus",6c2573ce-592a-4519-989c-2fd21d6918b7,"W", 08/20/2025 07:45:00 AM,"(UTC-07:00) Arizona",,,3875531.73333333,3848399.2,3913717,
PNTM9M2jMkKm3GLHpLiq3J4gE,"","North Campus",6c2573ce-592a-4519-989c-2fd21d6918b7,"W", 08/20/2025 08:00:00 AM,"(UTC-07:00) Arizona",,,4093342.83333333,4055832.5,4112098,
PNTM9M2jMkKm3GLHpLiq3J4gE,"","North Campus",6c2573ce-592a-4519-989c-2fd21d6918b7,"W", 08/20/2025 08:15:00 AM,"(UTC-07:00) Arizona",,,4145364.16666667,4105198.5,4166518.5,
PNTM9M2jMkKm3GLHpLiq3J4gE,"","North Campus",6c2573ce-592a-4519-989c-2fd21d6918b7,"W", 08/20/2025 08:30:00 AM,"(UTC-07:00) Arizona",,,4171155.83333333,3991432.5,4271878,
PNTM9M2jMkKm3GLHpLiq3J4gE,"","North Campus",6c2573ce-592a-4519-989c-2fd21d6918b7,"W", 08/20/2025 08:45:00 AM,"(UTC-07:00) Arizona",,,4267741.33333333,4185139,4386427.5,
PNTM9M2jMkKm3GLHpLiq3J4gE,"","North Campus",6c2573ce-592a-4519-989c-2fd21d6918b7,"W", 08/20/2025 09:00:00 AM,"(UTC-07:00) Arizona",,,4575278.83333333,4501795,4617231,
PNTM9M2jMkKm3GLHpLiq3J4gE,"","North Campus",6c2573ce-592a-4519-989c-2fd21d6918b7,"W", 08/20/2025 09:15:00 AM,"(UTC-07:00) Arizona",,,4521489.83333333,4452439.5,4645084,
PNTM9M2jMkKm3GLHpLiq3J4gE,"","North Campus",6c2573ce-592a-4519-989c-2fd21d6918b7,"W", 08/20/2025 09:30:00 AM,"(UTC-07:00) Arizona",,,4615933.66666667,4586876.5,4653987.5,
PNTM9M2jMkKm3GLHpLiq3J4gE,"","North Campus",6c2573ce-592a-4519-989c-2fd21d6918b7,"W", 08/20/2025 09:45:00 AM,"(UTC-07:00) Arizona",,,4734283,4626408.5,4865765,
PNTM9M2jMkKm3GLHpLiq3J4gE,"","North Campus",6c2573ce-592a-4519-989c-2fd21d6918b7,"W", 08/20/2025 10:00:00 AM,"(UTC-07:00) Arizona",,,4803027.5,4773504.5,4821166,
PNTM9M2jMkKm3GLHpLiq3J4gE,"","North Campus",6c2573ce-592a-4519-989c-2fd21d6918b7,"W", 08/20/2025 10:15:00 AM,"(UTC-07:00) Arizona",,,4781719,4684561.5,4919840.5,
PNTM9M2jMkKm3GLHpLiq3J4gE,"","North Campus",6c2573ce-592a-4519-989c-2fd21d6918b7,"W", 08/20/2025 10:30:00 AM,"(UTC-07:00) Arizona",,,4718878.16666667,4668597.5,4769638,
PNTM9M2jMkKm3GLHpLiq3J4gE,"","North Campus",6c2573ce-592a-4519-989c-2fd21d6918b7,"W", 08/20/2025 10:45:00 AM,"(UTC-07:00) Arizona",,,4710365.33333333,4660399,4754323,
PNTM9M2jMkKm3GLHpLiq3J4gE,"","North Campus",6c2573ce-592a-4519-989c-2fd21d6918b7,"W", 08/20/2025 11:00:00 AM,"(UTC-07:00) Arizona",,,4791011.83333333,4705287.5,4872783,
PNTM9M2jMkKm3GLHpLiq3J4gE,"","North Campus",6c2573ce-592a-4519-989c-2fd21d6918b7,"W", 08/20/2025 11:15:00 AM,"(UTC-07:00) Arizona",,,4786629.66666667,4673300.5,4848864.5,
PNTM9M2jMkKm3GLHpLiq3J4gE,"","North Campus",6c2573ce-592a-4519-989c-2fd21d6918b7,"W", 08/20/2025 11:30:00 AM,"(UTC-07:00) Arizona",,,4765018.83333333,4662420.5,4851916,
PNTM9M2jMkKm3GLHpLiq3J4gE,"","North Campus",6c2573ce-592a-4519-989c-2fd21d6918b7,"W", 08/20/2025 11:45:00 AM,"(UTC-07:00) Arizona",,,4810789.66666667,4685818,5003157,
PNTM9M2jMkKm3GLHpLiq3J4gE,"","North Campus",6c2573ce-592a-4519-989c-2fd21d6918b7,"W", 08/20/2025 12:00:00 PM,"(UTC-07:00) Arizona",,,4789774,4756581.5,4810205.5,
PNTM9M2jMkKm3GLHpLiq3J4gE,"","North Campus",6c2573ce-592a-4519-989c-2fd21d6918b7,"W", 08/20/2025 12:15:00 PM,"(UTC-07:00) Arizona",,,4781224.5,4779981,4782468,
PNTM9M2jMkKm3GLHpLiq3J4gE,"","North Campus",6c2573ce-592a-4519-989c-2fd21d6918b7,"W", 08/20/2025 12:30:00 PM,"(UTC-07:00) Arizona",,,4780726.375,4753356.5,4811839,
PNTM9M2jMkKm3GLHpLiq3J4gE,"","North Campus",6c2573ce-592a-4519-989c-2fd21d6918b7,"W", 08/20/2025 12:45:00 PM,"(UTC-07:00) Arizona",,,4971062.25,4770742,5171382.5,
PNTM9M2jMkKm3GLHpLiq3J4gE,"","North Campus",6c2573ce-592a-4519-989c-2fd21d6918b7,"W", 08/20/2025 01:00:00 PM,"(UTC-07:00) Arizona",,,4870998.875,4814084.5,4947623,
PNTM9M2jMkKm3GLHpLiq3J4gE,"","North Campus",6c2573ce-592a-4519-989c-2fd21d6918b7,"W", 08/20/2025 01:15:00 PM,"(UTC-07:00) Arizona",,,4967321.33333333,4815725,5177592,
PNTM9M2jMkKm3GLHpLiq3J4gE,"","North Campus",6c2573ce-592a-4519-989c-2fd21d6918b7,"W", 08/20/2025 01:30:00 PM,"(UTC-07:00) Arizona",,,4963689.5,4826980,5210986,
PNTM9M2jMkKm3GLHpLiq3J4gE,"","North Campus",6c2573ce-592a-4519-989c-2fd21d6918b7,"W", 08/20/2025 01:45:00 PM,"(UTC-07:00) Arizona",,,5214710,5212228.5,5217191.5,
PNTM9M2jMkKm3GLHpLiq3J4gE,"","North Campus",6c2573ce-592a-4519-989c-2fd21d6918b7,"W", 08/20/2025 02:00:00 PM,"(UTC-07:00) Arizona",,,5190025.875,5149154,5242888,
PNTM9M2jMkKm3GLHpLiq3J4gE,"","North Campus",6c2573ce-592a-4519-989c-2fd21d6918b7,"W", 08/20/2025 02:15:00 PM,"(UTC-07:00) Arizona",,,4847820,4847797.5,4847842.5,
PNTM9M2jMkKm3GLHpLiq3J4gE,"","North Campus",6c2573ce-592a-4519-989c-2fd21d6918b7,"W", 08/20/2025 02:30:00 PM,"(UTC-07:00) Arizona",,,4919947.16666667,4834522.5,5049149.5,
PNTM9M2jMkKm3GLHpLiq3J4gE,"","North Campus",6c2573ce-592a-4519-989c-2fd21d6918b7,"W", 08/20/2025 02:45:00 PM,"(UTC-07:00) Arizona",,,5230204.5,5200377.5,5256954,
PNTM9M2jMkKm3GLHpLiq3J4gE,"","North Campus",6c2573ce-592a-4519-989c-2fd21d6918b7,"W", 08/20/2025 03:00:00 PM,"(UTC-07:00) Arizona",,,5247923.16666667,5239474,5262078.5,
PNTM9M2jMkKm3GLHpLiq3J4gE,"","North Campus",6c2573ce-592a-4519-989c-2fd21d6918b7,"W", 08/20/2025 03:15:00 PM,"(UTC-07:00) Arizona",,,5168693,5117611,5233768,
PNTM9M2jMkKm3GLHpLiq3J4gE,"","North Campus",6c2573ce-592a-4519-989c-2fd21d6918b7,"W", 08/20/2025 03:30:00 PM,"(UTC-07:00) Arizona",,,5157003.16666667,5127405,5178982,
PNTM9M2jMkKm3GLHpLiq3J4gE,"","North Campus",6c2573ce-592a-4519-989c-2fd21d6918b7,"W", 08/20/2025 03:45:00 PM,"(UTC-07:00) Arizona",,,5148605,5135120.5,5156076.5,
PNTM9M2jMkKm3GLHpLiq3J4gE,"","North Campus",6c2573ce-592a-4519-989c-2fd21d6918b7,"W", 08/20/2025 04:00:00 PM,"(UTC-07:00) Arizona",,,5212666,5129267,5296065,
PNTM9M2jMkKm3GLHpLiq3J4gE,"","North Campus",6c2573ce-592a-4519-989c-2fd21d6918b7,"W", 08/20/2025 04:15:00 PM,"(UTC-07:00) Arizona",,,5122962.66666667,5087761,5176499.5,
PNTM9M2jMkKm3GLHpLiq3J4gE,"","North Campus",6c2573ce-592a-4519-989c-2fd21d6918b7,"W", 08/20/2025 04:30:00 PM,"(UTC-07:00) Arizona",,,5176053.875,5129744.5,5246912.5,
PNTM9M2jMkKm3GLHpLiq3J4gE,"","North Campus",6c2573ce-592a-4519-989c-2fd21d6918b7,"W", 08/20/2025 04:45:00 PM,"(UTC-07:00) Arizona",,,5064100.66666667,4956253,5152132.5,
PNTM9M2jMkKm3GLHpLiq3J4gE,"","North Campus",6c2573ce-592a-4519-989c-2fd21d6918b7,"W", 08/20/2025 05:00:00 PM,"(UTC-07:00) Arizona",,,4966837.5,4966837.5,4966837.5,
PNTM9M2jMkKm3GLHpLiq3J4gE,"","North Campus",6c2573ce-592a-4519-989c-2fd21d6918b7,"W", 08/20/2025 05:15:00 PM,"(UTC-07:00) Arizona",,,4941656.125,4872030,4999707,
PNTM9M2jMkKm3GLHpLiq3J4gE,"","North Campus",6c2573ce-592a-4519-989c-2fd21d6918b7,"W", 08/20/2025 05:30:00 PM,"(UTC-07:00) Arizona",,,4899967.25,4872083,4927851.5,
PNTM9M2jMkKm3GLHpLiq3J4gE,"","North Campus",6c2573ce-592a-4519-989c-2fd21d6918b7,"W", 08/20/2025 05:45:00 PM,"(UTC-07:00) Arizona",,,4852068,4836626.5,4867311.5,
PNTM9M2jMkKm3GLHpLiq3J4gE,"","North Campus",6c2573ce-592a-4519-989c-2fd21d6918b7,"W", 08/20/2025 06:00:00 PM,"(UTC-07:00) Arizona",,,4730839.66666667,4688848.5,4781830.5,
PNTM9M2jMkKm3GLHpLiq3J4gE,"","North Campus",6c2573ce-592a-4519-989c-2fd21d6918b7,"W", 08/20/2025 06:15:00 PM,"(UTC-07:00) Arizona",,,4667644.5,4640442,4696243.5,
PNTM9M2jMkKm3GLHpLiq3J4gE,"","North Campus",6c2573ce-592a-4519-989c-2fd21d6918b7,"W", 08/20/2025 06:30:00 PM,"(UTC-07:00) Arizona",,,4677908,4630469.5,4730289.5,
PNTM9M2jMkKm3GLHpLiq3J4gE,"","North Campus",6c2573ce-592a-4519-989c-2fd21d6918b7,"W", 08/20/2025 06:45:00 PM,"(UTC-07:00) Arizona",,,4664009,4654437.5,4676857.5,
PNTM9M2jMkKm3GLHpLiq3J4gE,"","North Campus",6c2573ce-592a-4519-989c-2fd21d6918b7,"W", 08/20/2025 07:00:00 PM,"(UTC-07:00) Arizona",,,4517513.16666667,4497819,4529288,
PNTM9M2jMkKm3GLHpLiq3J4gE,"","North Campus",6c2573ce-592a-4519-989c-2fd21d6918b7,"W", 08/20/2025 07:15:00 PM,"(UTC-07:00) Arizona",,,4446414.16666667,4416580,4469435.5,
PNTM9M2jMkKm3GLHpLiq3J4gE,"","North Campus",6c2573ce-592a-4519-989c-2fd21d6918b7,"W", 08/20/2025 07:30:00 PM,"(UTC-07:00) Arizona",,,4380031.5,4363051.5,4403814.5,
PNTM9M2jMkKm3GLHpLiq3J4gE,"","North Campus",6c2573ce-592a-4519-989c-2fd21d6918b7,"W", 08/20/2025 07:45:00 PM,"(UTC-07:00) Arizona",,,4342233.33333333,4272252.5,4385858.5,
PNTM9M2jMkKm3GLHpLiq3J4gE,"","North Campus",6c2573ce-592a-4519-989c-2fd21d6918b7,"W", 08/20/2025 08:00:00 PM,"(UTC-07:00) Arizona",,,4200561.35,4163836.2,4237286.5,
PNTM9M2jMkKm3GLHpLiq3J4gE,"","North Campus",6c2573ce-592a-4519-989c-2fd21d6918b7,"W", 08/20/2025 08:15:00 PM,"(UTC-07:00) Arizona",,,4195114,4187619,4202987.5,
PNTM9M2jMkKm3GLHpLiq3J4gE,"","North Campus",6c2573ce-592a-4519-989c-2fd21d6918b7,"W", 08/20/2025 08:30:00 PM,"(UTC-07:00) Arizona",,,4129516,4113619.8,4157632.2,
PNTM9M2jMkKm3GLHpLiq3J4gE,"","North Campus",6c2573ce-592a-4519-989c-2fd21d6918b7,"W", 08/20/2025 08:45:00 PM,"(UTC-07:00) Arizona",,,4137170.63333333,4109839.5,4169255.2,
PNTM9M2jMkKm3GLHpLiq3J4gE,"","North Campus",6c2573ce-592a-4519-989c-2fd21d6918b7,"W", 08/20/2025 09:00:00 PM,"(UTC-07:00) Arizona",,,4086806.66666667,4064241.8,4099335.2,
PNTM9M2jMkKm3GLHpLiq3J4gE,"","North Campus",6c2573ce-592a-4519-989c-2fd21d6918b7,"W", 08/20/2025 09:15:00 PM,"(UTC-07:00) Arizona",,,4077124.93333333,4056214.8,4112402.8,
PNTM9M2jMkKm3GLHpLiq3J4gE,"","North Campus",6c2573ce-592a-4519-989c-2fd21d6918b7,"W", 08/20/2025 09:30:00 PM,"(UTC-07:00) Arizona",,,4048252.43333333,4037095,4061216.5,
PNTM9M2jMkKm3GLHpLiq3J4gE,"","North Campus",6c2573ce-592a-4519-989c-2fd21d6918b7,"W", 08/20/2025 09:45:00 PM,"(UTC-07:00) Arizona",,,4022033.26666667,3977756.5,4046492.8,
PNTM9M2jMkKm3GLHpLiq3J4gE,"","North Campus",6c2573ce-592a-4519-989c-2fd21d6918b7,"W", 08/20/2025 10:00:00 PM,"(UTC-07:00) Arizona",,,3922710.16666667,3906925.8,3948670.5,
PNTM9M2jMkKm3GLHpLiq3J4gE,"","North Campus",6c2573ce-592a-4519-989c-2fd21d6918b7,"W", 08/20/2025 10:15:00 PM,"(UTC-07:00) Arizona",,,3885640.66666667,3876344.5,3896978.5,
PNTM9M2jMkKm3GLHpLiq3J4gE,"","North Campus",6c2573ce-592a-4519-989c-2fd21d6918b7,"W", 08/20/2025 10:30:00 PM,"(UTC-07:00) Arizona",,,3842680.16666667,3809830.8,3873908.5,
PNTM9M2jMkKm3GLHpLiq3J4gE,"","North Campus",6c2573ce-592a-4519-989c-2fd21d6918b7,"W", 08/20/2025 10:45:00 PM,"(UTC-07:00) Arizona",,,3770314.4,3730394.2,3790484.5,
PNTM9M2jMkKm3GLHpLiq3J4gE,"","North Campus",6c2573ce-592a-4519-989c-2fd21d6918b7,"W", 08/20/2025 11:00:00 PM,"(UTC-07:00) Arizona",,,3696345.9,3685637.5,3717093,
PNTM9M2jMkKm3GLHpLiq3J4gE,"","North Campus",6c2573ce-592a-4519-989c-2fd21d6918b7,"W", 08/20/2025 11:15:00 PM,"(UTC-07:00) Arizona",,,3631169.13333333,3620535,3642462.2,
PNTM9M2jMkKm3GLHpLiq3J4gE,"","North Campus",6c2573ce-592a-4519-989c-2fd21d6918b7,"W", 08/20/2025 11:30:00 PM,"(UTC-07:00) Arizona",,,3578760.16666667,3575555.8,3581973.2,
PNTM9M2jMkKm3GLHpLiq3J4gE,"","North Campus",6c2573ce-592a-4519-989c-2fd21d6918b7,"W", 08/20/2025 11:45:00 PM,"(UTC-07:00) Arizona",,,3526685.83333333,3501620.5,3550052,
PNTM9M2jMkKm3GLHpLiq3J4gE,"","North Campus",6c2573ce-592a-4519-989c-2fd21d6918b7,"W", 08/21/2025 12:00:00 AM,"(UTC-07:00) Arizona",,,3506736.73333333,3484914.8,3536455.2,
PNTM9M2jMkKm3GLHpLiq3J4gE,"","North Campus",6c2573ce-592a-4519-989c-2fd21d6918b7,"W", 08/21/2025 12:15:00 AM,"(UTC-07:00) Arizona",,,3468369.35,3465173.5,3471565.2,
PNTM9M2jMkKm3GLHpLiq3J4gE,"","North Campus",6c2573ce-592a-4519-989c-2fd21d6918b7,"W", 08/21/2025 12:30:00 AM,"(UTC-07:00) Arizona",,,3459107.5,3459107.5,3459107.5,
PNTM9M2jMkKm3GLHpLiq3J4gE,"","North Campus",6c2573ce-592a-4519-989c-2fd21d6918b7,"W", 08/21/2025 12:45:00 AM,"(UTC-07:00) Arizona",,,3443527.6,3442479.8,3444714.5,
PNTM9M2jMkKm3GLHpLiq3J4gE,"","North Campus",6c2573ce-592a-4519-989c-2fd21d6918b7,"W", 08/21/2025 01:00:00 AM,"(UTC-07:00) Arizona",,,3443104.25,3418539.2,3491466.2,
PNTM9M2jMkKm3GLHpLiq3J4gE,"","North Campus",6c2573ce-592a-4519-989c-2fd21d6918b7,"W", 08/21/2025 01:15:00 AM,"(UTC-07:00) Arizona",,,3418206.7,3384894.5,3460873.8,
PNTM9M2jMkKm3GLHpLiq3J4gE,"","North Campus",6c2573ce-592a-4519-989c-2fd21d6918b7,"W", 08/21/2025 01:30:00 AM,"(UTC-07:00) Arizona",,,3399814.85,3370268.2,3429361.5,
PNTM9M2jMkKm3GLHpLiq3J4gE,"","North Campus",6c2573ce-592a-4519-989c-2fd21d6918b7,"W", 08/21/2025 01:45:00 AM,"(UTC-07:00) Arizona",,,3399497.3,3393708.2,3408020,
PNTM9M2jMkKm3GLHpLiq3J4gE,"","North Campus",6c2573ce-592a-4519-989c-2fd21d6918b7,"W", 08/21/2025 02:00:00 AM,"(UTC-07:00) Arizona",,,3328329.4,3259392.2,3412281,
PNTM9M2jMkKm3GLHpLiq3J4gE,"","North Campus",6c2573ce-592a-4519-989c-2fd21d6918b7,"W", 08/21/2025 02:15:00 AM,"(UTC-07:00) Arizona",,,3331968.1,3308833,3354421.5,
PNTM9M2jMkKm3GLHpLiq3J4gE,"","North Campus",6c2573ce-592a-4519-989c-2fd21d6918b7,"W", 08/21/2025 02:30:00 AM,"(UTC-07:00) Arizona",,,3348571.73333333,3331808.8,3365738.2,
PNTM9M2jMkKm3GLHpLiq3J4gE,"","North Campus",6c2573ce-592a-4519-989c-2fd21d6918b7,"W", 08/21/2025 02:45:00 AM,"(UTC-07:00) Arizona",,,3375073.35,3371715.2,3378431.5,
PNTM9M2jMkKm3GLHpLiq3J4gE,"","North Campus",6c2573ce-592a-4519-989c-2fd21d6918b7,"W", 08/21/2025 03:00:00 AM,"(UTC-07:00) Arizona",,,3383654.225,3360585,3409063.2,
PNTM9M2jMkKm3GLHpLiq3J4gE,"","North Campus",6c2573ce-592a-4519-989c-2fd21d6918b7,"W", 08/21/2025 03:15:00 AM,"(UTC-07:00) Arizona",,,3440151.4,3352872.5,3496264.2,
PNTM9M2jMkKm3GLHpLiq3J4gE,"","North Campus",6c2573ce-592a-4519-989c-2fd21d6918b7,"W", 08/21/2025 03:30:00 AM,"(UTC-07:00) Arizona",,,3466326.1,3425876.2,3506776,
PNTM9M2jMkKm3GLHpLiq3J4gE,"","North Campus",6c2573ce-592a-4519-989c-2fd21d6918b7,"W", 08/21/2025 03:45:00 AM,"(UTC-07:00) Arizona",,,3505285.175,3486434,3528754.2,
PNTM9M2jMkKm3GLHpLiq3J4gE,"","North Campus",6c2573ce-592a-4519-989c-2fd21d6918b7,"W", 08/21/2025 04:00:00 AM,"(UTC-07:00) Arizona",,,3484487.5,3460911,3508064,
PNTM9M2jMkKm3GLHpLiq3J4gE,"","North Campus",6c2573ce-592a-4519-989c-2fd21d6918b7,"W", 08/21/2025 04:15:00 AM,"(UTC-07:00) Arizona",,,3512652.425,3477770.5,3550864.8,
PNTM9M2jMkKm3GLHpLiq3J4gE,"","North Campus",6c2573ce-592a-4519-989c-2fd21d6918b7,"W", 08/21/2025 04:30:00 AM,"(UTC-07:00) Arizona",,,3530962.35,3519565.5,3542359.2,
PNTM9M2jMkKm3GLHpLiq3J4gE,"","North Campus",6c2573ce-592a-4519-989c-2fd21d6918b7,"W", 08/21/2025 04:45:00 AM,"(UTC-07:00) Arizona",,,3518582.5,3518049.8,3519115.2,
PNTM9M2jMkKm3GLHpLiq3J4gE,"","North Campus",6c2573ce-592a-4519-989c-2fd21d6918b7,"W", 08/21/2025 05:00:00 AM,"(UTC-07:00) Arizona",,,3540339.25,3531501.5,3548345,
PNTM9M2jMkKm3GLHpLiq3J4gE,"","North Campus",6c2573ce-592a-4519-989c-2fd21d6918b7,"W", 08/21/2025 05:15:00 AM,"(UTC-07:00) Arizona",,,3532812.35,3514889.5,3550735.2,
PNTM9M2jMkKm3GLHpLiq3J4gE,"","North Campus",6c2573ce-592a-4519-989c-2fd21d6918b7,"W", 08/21/2025 05:30:00 AM,"(UTC-07:00) Arizona",,,3533953.175,3501951.5,3564749.5,
PNTM9M2jMkKm3GLHpLiq3J4gE,"","North Campus",6c2573ce-592a-4519-989c-2fd21d6918b7,"W", 08/21/2025 05:45:00 AM,"(UTC-07:00) Arizona",,,3527733.6,3486925.5,3605032.5,
PNTM9M2jMkKm3GLHpLiq3J4gE,"","North Campus",6c2573ce-592a-4519-989c-2fd21d6918b7,"W", 08/21/2025 06:00:00 AM,"(UTC-07:00) Arizona",,,3693121.9,3658300,3733711.5,
PNTM9M2jMkKm3GLHpLiq3J4gE,"","North Campus",6c2573ce-592a-4519-989c-2fd21d6918b7,"W", 08/21/2025 06:15:00 AM,"(UTC-07:00) Arizona",,,3649758.63333333,3613130.5,3693260.2,
PNTM9M2jMkKm3GLHpLiq3J4gE,"","North Campus",6c2573ce-592a-4519-989c-2fd21d6918b7,"W", 08/21/2025 06:30:00 AM,"(UTC-07:00) Arizona",,,3677163.9,3671373,3682954.8,
PNTM9M2jMkKm3GLHpLiq3J4gE,"","North Campus",6c2573ce-592a-4519-989c-2fd21d6918b7,"W", 08/21/2025 06:45:00 AM,"(UTC-07:00) Arizona",,,3750052.55,3647670.2,3817734,
PNTM9M2jMkKm3GLHpLiq3J4gE,"","North Campus",6c2573ce-592a-4519-989c-2fd21d6918b7,"W", 08/21/2025 07:00:00 AM,"(UTC-07:00) Arizona",,,3838669.8,3838669.8,3838669.8,
PNTM9M2jMkKm3GLHpLiq3J4gE,"","North Campus",6c2573ce-592a-4519-989c-2fd21d6918b7,"W", 08/21/2025 07:15:00 AM,"(UTC-07:00) Arizona",,,3973164.5,3916096.8,4052687.2,
PNTM9M2jMkKm3GLHpLiq3J4gE,"","North Campus",6c2573ce-592a-4519-989c-2fd21d6918b7,"W", 08/21/2025 07:30:00 AM,"(UTC-07:00) Arizona",,,4089325.95,4058050,4114251.5,
PNTM9M2jMkKm3GLHpLiq3J4gE,"","North Campus",6c2573ce-592a-4519-989c-2fd21d6918b7,"W", 08/21/2025 07:45:00 AM,"(UTC-07:00) Arizona",,,4243681.65,4159074.8,4328288.5,
PNTM9M2jMkKm3GLHpLiq3J4gE,"","North Campus",6c2573ce-592a-4519-989c-2fd21d6918b7,"W", 08/21/2025 08:00:00 AM,"(UTC-07:00) Arizona",,,4212940.45,4108662.8,4265064,
PNTM9M2jMkKm3GLHpLiq3J4gE,"","North Campus",6c2573ce-592a-4519-989c-2fd21d6918b7,"W", 08/21/2025 08:15:00 AM,"(UTC-07:00) Arizona",,,4466042.5,4265064,4606714.5,
PNTM9M2jMkKm3GLHpLiq3J4gE,"","North Campus",6c2573ce-592a-4519-989c-2fd21d6918b7,"W", 08/21/2025 08:30:00 AM,"(UTC-07:00) Arizona",,,4662556.83333333,4644156.5,4687192,
PNTM9M2jMkKm3GLHpLiq3J4gE,"","North Campus",6c2573ce-592a-4519-989c-2fd21d6918b7,"W", 08/21/2025 08:45:00 AM,"(UTC-07:00) Arizona",,,4804290.33333333,4725668.5,4863086.5,
PNTM9M2jMkKm3GLHpLiq3J4gE,"","North Campus",6c2573ce-592a-4519-989c-2fd21d6918b7,"W", 08/21/2025 09:00:00 AM,"(UTC-07:00) Arizona",,,4812957,4792647,4825378.5,
PNTM9M2jMkKm3GLHpLiq3J4gE,"","North Campus",6c2573ce-592a-4519-989c-2fd21d6918b7,"W", 08/21/2025 09:15:00 AM,"(UTC-07:00) Arizona",,,4809110.75,4801860.5,4816361,
PNTM9M2jMkKm3GLHpLiq3J4gE,"","North Campus",6c2573ce-592a-4519-989c-2fd21d6918b7,"W", 08/21/2025 09:30:00 AM,"(UTC-07:00) Arizona",,,4859472.16666667,4838153,4896366.5,
PNTM9M2jMkKm3GLHpLiq3J4gE,"","North Campus",6c2573ce-592a-4519-989c-2fd21d6918b7,"W", 08/21/2025 09:45:00 AM,"(UTC-07:00) Arizona",,,4854123.75,4816271,4891976.5,
PNTM9M2jMkKm3GLHpLiq3J4gE,"","North Campus",6c2573ce-592a-4519-989c-2fd21d6918b7,"W", 08/21/2025 10:00:00 AM,"(UTC-07:00) Arizona",,,4882760.33333333,4879458.5,4886397.5,
PNTM9M2jMkKm3GLHpLiq3J4gE,"","North Campus",6c2573ce-592a-4519-989c-2fd21d6918b7,"W", 08/21/2025 10:15:00 AM,"(UTC-07:00) Arizona",,,4941554,4927041.5,4969696,
PNTM9M2jMkKm3GLHpLiq3J4gE,"","North Campus",6c2573ce-592a-4519-989c-2fd21d6918b7,"W", 08/21/2025 10:30:00 AM,"(UTC-07:00) Arizona",,,4949203,4929845,4965368,
PNTM9M2jMkKm3GLHpLiq3J4gE,"","North Campus",6c2573ce-592a-4519-989c-2fd21d6918b7,"W", 08/21/2025 10:45:00 AM,"(UTC-07:00) Arizona",,,5021027.83333333,4964945,5098972,
PNTM9M2jMkKm3GLHpLiq3J4gE,"","North Campus",6c2573ce-592a-4519-989c-2fd21d6918b7,"W", 08/21/2025 11:00:00 AM,"(UTC-07:00) Arizona",,,5056131.16666667,5024846,5111400,
PNTM9M2jMkKm3GLHpLiq3J4gE,"","North Campus",6c2573ce-592a-4519-989c-2fd21d6918b7,"W", 08/21/2025 11:15:00 AM,"(UTC-07:00) Arizona",,,5019349.16666667,4988908,5037623.5,
PNTM9M2jMkKm3GLHpLiq3J4gE,"","North Campus",6c2573ce-592a-4519-989c-2fd21d6918b7,"W", 08/21/2025 11:30:00 AM,"(UTC-07:00) Arizona",,,5101381,5082249,5120513,
PNTM9M2jMkKm3GLHpLiq3J4gE,"","North Campus",6c2573ce-592a-4519-989c-2fd21d6918b7,"W", 08/21/2025 11:45:00 AM,"(UTC-07:00) Arizona",,,5124948,5114551.5,5133326,
PNTM9M2jMkKm3GLHpLiq3J4gE,"","North Campus",6c2573ce-592a-4519-989c-2fd21d6918b7,"W", 08/21/2025 12:00:00 PM,"(UTC-07:00) Arizona",,,5326592.25,5300679,5352505.5,
PNTM9M2jMkKm3GLHpLiq3J4gE,"","North Campus",6c2573ce-592a-4519-989c-2fd21d6918b7,"W", 08/21/2025 12:15:00 PM,"(UTC-07:00) Arizona",,,5404263.25,5364583.5,5452626.5,
PNTM9M2jMkKm3GLHpLiq3J4gE,"","North Campus",6c2573ce-592a-4519-989c-2fd21d6918b7,"W", 08/21/2025 12:30:00 PM,"(UTC-07:00) Arizona",,,5432964,5416142,5457363,
PNTM9M2jMkKm3GLHpLiq3J4gE,"","North Campus",6c2573ce-592a-4519-989c-2fd21d6918b7,"W", 08/21/2025 12:45:00 PM,"(UTC-07:00) Arizona",,,5491340.16666667,5461987.5,5519813.5,
PNTM9M2jMkKm3GLHpLiq3J4gE,"","North Campus",6c2573ce-592a-4519-989c-2fd21d6918b7,"W", 08/21/2025 01:00:00 PM,"(UTC-07:00) Arizona",,,5534069.83333333,5507872.5,5556387,
PNTM9M2jMkKm3GLHpLiq3J4gE,"","North Campus",6c2573ce-592a-4519-989c-2fd21d6918b7,"W", 08/21/2025 01:15:00 PM,"(UTC-07:00) Arizona",,,5548676.66666667,5529065,5573843,
PNTM9M2jMkKm3GLHpLiq3J4gE,"","North Campus",6c2573ce-592a-4519-989c-2fd21d6918b7,"W", 08/21/2025 01:30:00 PM,"(UTC-07:00) Arizona",,,5445431.66666667,5424803,5467335,
PNTM9M2jMkKm3GLHpLiq3J4gE,"","North Campus",6c2573ce-592a-4519-989c-2fd21d6918b7,"W", 08/21/2025 01:45:00 PM,"(UTC-07:00) Arizona",,,5514071.33333333,5469479,5547212.5,
PNTM9M2jMkKm3GLHpLiq3J4gE,"","North Campus",6c2573ce-592a-4519-989c-2fd21d6918b7,"W", 08/21/2025 02:00:00 PM,"(UTC-07:00) Arizona",,,5423988,5392735,5455241,
PNTM9M2jMkKm3GLHpLiq3J4gE,"","North Campus",6c2573ce-592a-4519-989c-2fd21d6918b7,"W", 08/21/2025 02:15:00 PM,"(UTC-07:00) Arizona",,,5437333.16666667,5410979.5,5461116,
PNTM9M2jMkKm3GLHpLiq3J4gE,"","North Campus",6c2573ce-592a-4519-989c-2fd21d6918b7,"W", 08/21/2025 02:30:00 PM,"(UTC-07:00) Arizona",,,5332174,5332174,5332174,
PNTM9M2jMkKm3GLHpLiq3J4gE,"","North Campus",6c2573ce-592a-4519-989c-2fd21d6918b7,"W", 08/21/2025 02:45:00 PM,"(UTC-07:00) Arizona",,,5273319.66666667,5254454.5,5299608,
PNTM9M2jMkKm3GLHpLiq3J4gE,"","North Campus",6c2573ce-592a-4519-989c-2fd21d6918b7,"W", 08/21/2025 03:00:00 PM,"(UTC-07:00) Arizona",,,5125638.66666667,5003138.5,5209072,
PNTM9M2jMkKm3GLHpLiq3J4gE,"","North Campus",6c2573ce-592a-4519-989c-2fd21d6918b7,"W", 08/21/2025 03:15:00 PM,"(UTC-07:00) Arizona",,,5056748.125,4903951,5160271,
PNTM9M2jMkKm3GLHpLiq3J4gE,"","North Campus",6c2573ce-592a-4519-989c-2fd21d6918b7,"W", 08/21/2025 03:30:00 PM,"(UTC-07:00) Arizona",,,5029023.5,5018869,5039178,
PNTM9M2jMkKm3GLHpLiq3J4gE,"","North Campus",6c2573ce-592a-4519-989c-2fd21d6918b7,"W", 08/21/2025 03:45:00 PM,"(UTC-07:00) Arizona",,,4974214.16666667,4873047.5,5041336,
PNTM9M2jMkKm3GLHpLiq3J4gE,"","North Campus",6c2573ce-592a-4519-989c-2fd21d6918b7,"W", 08/21/2025 04:00:00 PM,"(UTC-07:00) Arizona",,,4805783.75,4769472,4832794.5,
PNTM9M2jMkKm3GLHpLiq3J4gE,"","North Campus",6c2573ce-592a-4519-989c-2fd21d6918b7,"W", 08/21/2025 04:15:00 PM,"(UTC-07:00) Arizona",,,4897187.33333333,4834790,4942608,
PNTM9M2jMkKm3GLHpLiq3J4gE,"","North Campus",6c2573ce-592a-4519-989c-2fd21d6918b7,"W", 08/21/2025 04:30:00 PM,"(UTC-07:00) Arizona",,,4963398,4918640.5,5008155.5,
PNTM9M2jMkKm3GLHpLiq3J4gE,"","North Campus",6c2573ce-592a-4519-989c-2fd21d6918b7,"W", 08/21/2025 04:45:00 PM,"(UTC-07:00) Arizona",,,5049835.5,4925978.5,5131093.5,
PNTM9M2jMkKm3GLHpLiq3J4gE,"","North Campus",6c2573ce-592a-4519-989c-2fd21d6918b7,"W", 08/21/2025 05:00:00 PM,"(UTC-07:00) Arizona",,,5011784.5,4979233.5,5028060,
PNTM9M2jMkKm3GLHpLiq3J4gE,"","North Campus",6c2573ce-592a-4519-989c-2fd21d6918b7,"W", 08/21/2025 05:15:00 PM,"(UTC-07:00) Arizona",,,4991073.83333333,4960760,5017235.5,
PNTM9M2jMkKm3GLHpLiq3J4gE,"","North Campus",6c2573ce-592a-4519-989c-2fd21d6918b7,"W", 08/21/2025 05:30:00 PM,"(UTC-07:00) Arizona",,,5046967,5033572,5063376,
PNTM9M2jMkKm3GLHpLiq3J4gE,"","North Campus",6c2573ce-592a-4519-989c-2fd21d6918b7,"W", 08/21/2025 05:45:00 PM,"(UTC-07:00) Arizona",,,5043043.83333333,5029256.5,5059675,
PNTM9M2jMkKm3GLHpLiq3J4gE,"","North Campus",6c2573ce-592a-4519-989c-2fd21d6918b7,"W", 08/21/2025 06:00:00 PM,"(UTC-07:00) Arizona",,,4883942,4875001,4899394,
PNTM9M2jMkKm3GLHpLiq3J4gE,"","North Campus",6c2573ce-592a-4519-989c-2fd21d6918b7,"W", 08/21/2025 06:15:00 PM,"(UTC-07:00) Arizona",,,4775768,4762470,4789066,
PNTM9M2jMkKm3GLHpLiq3J4gE,"","North Campus",6c2573ce-592a-4519-989c-2fd21d6918b7,"W", 08/21/2025 06:30:00 PM,"(UTC-07:00) Arizona",,,4802181,4751089,4836016,
PNTM9M2jMkKm3GLHpLiq3J4gE,"","North Campus",6c2573ce-592a-4519-989c-2fd21d6918b7,"W", 08/21/2025 06:45:00 PM,"(UTC-07:00) Arizona",,,4737523.16666667,4722015,4752086.5,
PNTM9M2jMkKm3GLHpLiq3J4gE,"","North Campus",6c2573ce-592a-4519-989c-2fd21d6918b7,"W", 08/21/2025 07:00:00 PM,"(UTC-07:00) Arizona",,,4517360.33333333,4469663,4561110.5,
PNTM9M2jMkKm3GLHpLiq3J4gE,"","North Campus",6c2573ce-592a-4519-989c-2fd21d6918b7,"W", 08/21/2025 07:15:00 PM,"(UTC-07:00) Arizona",,,4445350.66666667,4403045.5,4497288,
PNTM9M2jMkKm3GLHpLiq3J4gE,"","North Campus",6c2573ce-592a-4519-989c-2fd21d6918b7,"W", 08/21/2025 07:30:00 PM,"(UTC-07:00) Arizona",,,4413523.16666667,4395810,4432860.5,
PNTM9M2jMkKm3GLHpLiq3J4gE,"","North Campus",6c2573ce-592a-4519-989c-2fd21d6918b7,"W", 08/21/2025 07:45:00 PM,"(UTC-07:00) Arizona",,,4356812.5,4350166.5,4368384.5,
PNTM9M2jMkKm3GLHpLiq3J4gE,"","North Campus",6c2573ce-592a-4519-989c-2fd21d6918b7,"W", 08/21/2025 08:00:00 PM,"(UTC-07:00) Arizona",,,4287947.83333333,4238320,4315905.5,
PNTM9M2jMkKm3GLHpLiq3J4gE,"","North Campus",6c2573ce-592a-4519-989c-2fd21d6918b7,"W", 08/21/2025 08:15:00 PM,"(UTC-07:00) Arizona",,,4252255.33333333,4201156,4321730.5,
PNTM9M2jMkKm3GLHpLiq3J4gE,"","North Campus",6c2573ce-592a-4519-989c-2fd21d6918b7,"W", 08/21/2025 08:30:00 PM,"(UTC-07:00) Arizona",,,4234848,4219095,4254542.5,
PNTM9M2jMkKm3GLHpLiq3J4gE,"","North Campus",6c2573ce-592a-4519-989c-2fd21d6918b7,"W", 08/21/2025 08:45:00 PM,"(UTC-07:00) Arizona",,,4169003.46666667,4132734.2,4241542,
PNTM9M2jMkKm3GLHpLiq3J4gE,"","North Campus",6c2573ce-592a-4519-989c-2fd21d6918b7,"W", 08/21/2025 09:00:00 PM,"(UTC-07:00) Arizona",,,4203506.1,4193075.8,4219591,
PNTM9M2jMkKm3GLHpLiq3J4gE,"","North Campus",6c2573ce-592a-4519-989c-2fd21d6918b7,"W", 08/21/2025 09:15:00 PM,"(UTC-07:00) Arizona",,,4269337.83333333,4235346.5,4304176,
PNTM9M2jMkKm3GLHpLiq3J4gE,"","North Campus",6c2573ce-592a-4519-989c-2fd21d6918b7,"W", 08/21/2025 09:30:00 PM,"(UTC-07:00) Arizona",,,4330840.83333333,4308231.5,4366772.5,
PNTM9M2jMkKm3GLHpLiq3J4gE,"","North Campus",6c2573ce-592a-4519-989c-2fd21d6918b7,"W", 08/21/2025 09:45:00 PM,"(UTC-07:00) Arizona",,,4401427.16666667,4377704.5,4424707,
PNTM9M2jMkKm3GLHpLiq3J4gE,"","North Campus",6c2573ce-592a-4519-989c-2fd21d6918b7,"W", 08/21/2025 10:00:00 PM,"(UTC-07:00) Arizona",,,4398179.66666667,4368683.5,4438544.5,
PNTM9M2jMkKm3GLHpLiq3J4gE,"","North Campus",6c2573ce-592a-4519-989c-2fd21d6918b7,"W", 08/21/2025 10:15:00 PM,"(UTC-07:00) Arizona",,,4322731,4285018,4364576,
PNTM9M2jMkKm3GLHpLiq3J4gE,"","North Campus",6c2573ce-592a-4519-989c-2fd21d6918b7,"W", 08/21/2025 10:30:00 PM,"(UTC-07:00) Arizona",,,4239557.93333333,4177164.8,4314013,
PNTM9M2jMkKm3GLHpLiq3J4gE,"","North Campus",6c2573ce-592a-4519-989c-2fd21d6918b7,"W", 08/21/2025 10:45:00 PM,"(UTC-07:00) Arizona",,,4068850.5,3928012.5,4157291.2,
PNTM9M2jMkKm3GLHpLiq3J4gE,"","North Campus",6c2573ce-592a-4519-989c-2fd21d6918b7,"W", 08/21/2025 11:00:00 PM,"(UTC-07:00) Arizona",,,3873927.5,3863291.2,3892363.5,
PNTM9M2jMkKm3GLHpLiq3J4gE,"","North Campus",6c2573ce-592a-4519-989c-2fd21d6918b7,"W", 08/21/2025 11:15:00 PM,"(UTC-07:00) Arizona",,,3784883.43333333,3755023.8,3802470.5,
PNTM9M2jMkKm3GLHpLiq3J4gE,"","North Campus",6c2573ce-592a-4519-989c-2fd21d6918b7,"W", 08/21/2025 11:30:00 PM,"(UTC-07:00) Arizona",,,3749895.26666667,3738642.8,3759853.8,
PNTM9M2jMkKm3GLHpLiq3J4gE,"","North Campus",6c2573ce-592a-4519-989c-2fd21d6918b7,"W", 08/21/2025 11:45:00 PM,"(UTC-07:00) Arizona",,,3755419.4,3744430.8,3766408,
PNTM9M2jMkKm3GLHpLiq3J4gE,"","North Campus",6c2573ce-592a-4519-989c-2fd21d6918b7,"W", 08/22/2025 12:00:00 AM,"(UTC-07:00) Arizona",,,3689488.45,3670532.5,3712612.5,
PNTM9M2jMkKm3GLHpLiq3J4gE,"","North Campus",6c2573ce-592a-4519-989c-2fd21d6918b7,"W", 08/22/2025 12:15:00 AM,"(UTC-07:00) Arizona",,,3669640.7,3658644.5,3677283.8,
PNTM9M2jMkKm3GLHpLiq3J4gE,"","North Campus",6c2573ce-592a-4519-989c-2fd21d6918b7,"W", 08/22/2025 12:30:00 AM,"(UTC-07:00) Arizona",,,3627307.25,3627251.5,3627363,
PNTM9M2jMkKm3GLHpLiq3J4gE,"","North Campus",6c2573ce-592a-4519-989c-2fd21d6918b7,"W", 08/22/2025 12:45:00 AM,"(UTC-07:00) Arizona",,,3591869.56666667,3581435.5,3605319.2,
PNTM9M2jMkKm3GLHpLiq3J4gE,"","North Campus",6c2573ce-592a-4519-989c-2fd21d6918b7,"W", 08/22/2025 01:00:00 AM,"(UTC-07:00) Arizona",,,3565351.13333333,3561169.8,3568297.8,
PNTM9M2jMkKm3GLHpLiq3J4gE,"","North Campus",6c2573ce-592a-4519-989c-2fd21d6918b7,"W", 08/22/2025 01:15:00 AM,"(UTC-07:00) Arizona",,,3550738.6,3531397.8,3574394,
PNTM9M2jMkKm3GLHpLiq3J4gE,"","North Campus",6c2573ce-592a-4519-989c-2fd21d6918b7,"W", 08/22/2025 01:30:00 AM,"(UTC-07:00) Arizona",,,3560632.175,3546616.2,3574494.2,
PNTM9M2jMkKm3GLHpLiq3J4gE,"","North Campus",6c2573ce-592a-4519-989c-2fd21d6918b7,"W", 08/22/2025 01:45:00 AM,"(UTC-07:00) Arizona",,,3523936.83333333,3508149.5,3547476.2,
PNTM9M2jMkKm3GLHpLiq3J4gE,"","North Campus",6c2573ce-592a-4519-989c-2fd21d6918b7,"W", 08/22/2025 02:00:00 AM,"(UTC-07:00) Arizona",,,3479696.1,3475108,3484284.2,
PNTM9M2jMkKm3GLHpLiq3J4gE,"","North Campus",6c2573ce-592a-4519-989c-2fd21d6918b7,"W", 08/22/2025 02:15:00 AM,"(UTC-07:00) Arizona",,,3460503.5,3435294.5,3480815,
PNTM9M2jMkKm3GLHpLiq3J4gE,"","North Campus",6c2573ce-592a-4519-989c-2fd21d6918b7,"W", 08/22/2025 02:30:00 AM,"(UTC-07:00) Arizona",,,3455180.33333333,3447410.5,3468172.5,
PNTM9M2jMkKm3GLHpLiq3J4gE,"","North Campus",6c2573ce-592a-4519-989c-2fd21d6918b7,"W", 08/22/2025 02:45:00 AM,"(UTC-07:00) Arizona",,,3471307.5,3434944,3513209,
PNTM9M2jMkKm3GLHpLiq3J4gE,"","North Campus",6c2573ce-592a-4519-989c-2fd21d6918b7,"W", 08/22/2025 03:00:00 AM,"(UTC-07:00) Arizona",,,3480538.7,3470260.8,3490973.5,
PNTM9M2jMkKm3GLHpLiq3J4gE,"","North Campus",6c2573ce-592a-4519-989c-2fd21d6918b7,"W", 08/22/2025 03:15:00 AM,"(UTC-07:00) Arizona",,,3506675.13333333,3480251.2,3523264.2,
PNTM9M2jMkKm3GLHpLiq3J4gE,"","North Campus",6c2573ce-592a-4519-989c-2fd21d6918b7,"W", 08/22/2025 03:30:00 AM,"(UTC-07:00) Arizona",,,3521527.6,3505137.8,3530805.2,
PNTM9M2jMkKm3GLHpLiq3J4gE,"","North Campus",6c2573ce-592a-4519-989c-2fd21d6918b7,"W", 08/22/2025 03:45:00 AM,"(UTC-07:00) Arizona",,,3562858.5,3551360.2,3574356.8,
PNTM9M2jMkKm3GLHpLiq3J4gE,"","North Campus",6c2573ce-592a-4519-989c-2fd21d6918b7,"W", 08/22/2025 04:00:00 AM,"(UTC-07:00) Arizona",,,3578029.6,3575332.8,3580519,
PNTM9M2jMkKm3GLHpLiq3J4gE,"","North Campus",6c2573ce-592a-4519-989c-2fd21d6918b7,"W", 08/22/2025 04:15:00 AM,"(UTC-07:00) Arizona",,,3592584.06666667,3579133.2,3601507,
PNTM9M2jMkKm3GLHpLiq3J4gE,"","North Campus",6c2573ce-592a-4519-989c-2fd21d6918b7,"W", 08/22/2025 04:30:00 AM,"(UTC-07:00) Arizona",,,3621457.2,3610250,3635354.8,
PNTM9M2jMkKm3GLHpLiq3J4gE,"","North Campus",6c2573ce-592a-4519-989c-2fd21d6918b7,"W", 08/22/2025 04:45:00 AM,"(UTC-07:00) Arizona",,,3585058.5,3514624.2,3638832.8,
PNTM9M2jMkKm3GLHpLiq3J4gE,"","North Campus",6c2573ce-592a-4519-989c-2fd21d6918b7,"W", 08/22/2025 05:00:00 AM,"(UTC-07:00) Arizona",,,3625401.5,3618352,3631845,
PNTM9M2jMkKm3GLHpLiq3J4gE,"","North Campus",6c2573ce-592a-4519-989c-2fd21d6918b7,"W", 08/22/2025 05:15:00 AM,"(UTC-07:00) Arizona",,,3670353.26666667,3643933,3703036.8,
PNTM9M2jMkKm3GLHpLiq3J4gE,"","North Campus",6c2573ce-592a-4519-989c-2fd21d6918b7,"W", 08/22/2025 05:30:00 AM,"(UTC-07:00) Arizona",,,3709676.6,3679386.8,3748927.5,
PNTM9M2jMkKm3GLHpLiq3J4gE,"","North Campus",6c2573ce-592a-4519-989c-2fd21d6918b7,"W", 08/22/2025 05:45:00 AM,"(UTC-07:00) Arizona",,,3757804.8,3712988,3835909.2,
PNTM9M2jMkKm3GLHpLiq3J4gE,"","North Campus",6c2573ce-592a-4519-989c-2fd21d6918b7,"W", 08/22/2025 06:00:00 AM,"(UTC-07:00) Arizona",,,3795285.2,3788128.8,3800294.8,
PNTM9M2jMkKm3GLHpLiq3J4gE,"","North Campus",6c2573ce-592a-4519-989c-2fd21d6918b7,"W", 08/22/2025 06:15:00 AM,"(UTC-07:00) Arizona",,,3831268.03333333,3800180.8,3850389.5,
PNTM9M2jMkKm3GLHpLiq3J4gE,"","North Campus",6c2573ce-592a-4519-989c-2fd21d6918b7,"W", 08/22/2025 06:30:00 AM,"(UTC-07:00) Arizona",,,3843225.8,3819748.8,3866702.8,
PNTM9M2jMkKm3GLHpLiq3J4gE,"","North Campus",6c2573ce-592a-4519-989c-2fd21d6918b7,"W", 08/22/2025 06:45:00 AM,"(UTC-07:00) Arizona",,,3869439.83333333,3789114.2,3979331.8,
PNTM9M2jMkKm3GLHpLiq3J4gE,"","North Campus",6c2573ce-592a-4519-989c-2fd21d6918b7,"W", 08/22/2025 07:00:00 AM,"(UTC-07:00) Arizona",,,4005817.2,3975554.8,4033041.8,
PNTM9M2jMkKm3GLHpLiq3J4gE,"","North Campus",6c2573ce-592a-4519-989c-2fd21d6918b7,"W", 08/22/2025 07:15:00 AM,"(UTC-07:00) Arizona",,,4026079.43333333,4001323.8,4052540.5,
PNTM9M2jMkKm3GLHpLiq3J4gE,"","North Campus",6c2573ce-592a-4519-989c-2fd21d6918b7,"W", 08/22/2025 07:30:00 AM,"(UTC-07:00) Arizona",,,4093951.46666667,4021784.2,4139756,
PNTM9M2jMkKm3GLHpLiq3J4gE,"","North Campus",6c2573ce-592a-4519-989c-2fd21d6918b7,"W", 08/22/2025 07:45:00 AM,"(UTC-07:00) Arizona",,,4230081,4155006,4326256,
PNTM9M2jMkKm3GLHpLiq3J4gE,"","North Campus",6c2573ce-592a-4519-989c-2fd21d6918b7,"W", 08/22/2025 08:00:00 AM,"(UTC-07:00) Arizona",,,4388982,4382868.5,4395905.5,
PNTM9M2jMkKm3GLHpLiq3J4gE,"","North Campus",6c2573ce-592a-4519-989c-2fd21d6918b7,"W", 08/22/2025 08:15:00 AM,"(UTC-07:00) Arizona",,,4478982.83333333,4443198.5,4500509,
PNTM9M2jMkKm3GLHpLiq3J4gE,"","North Campus",6c2573ce-592a-4519-989c-2fd21d6918b7,"W", 08/22/2025 08:30:00 AM,"(UTC-07:00) Arizona",,,4423075.5,4327331,4480413.5,
PNTM9M2jMkKm3GLHpLiq3J4gE,"","North Campus",6c2573ce-592a-4519-989c-2fd21d6918b7,"W", 08/22/2025 08:45:00 AM,"(UTC-07:00) Arizona",,,4740944.5,4586485,4840966,
PNTM9M2jMkKm3GLHpLiq3J4gE,"","North Campus",6c2573ce-592a-4519-989c-2fd21d6918b7,"W", 08/22/2025 09:00:00 AM,"(UTC-07:00) Arizona",,,4976644.5,4955941,4995473.5,
PNTM9M2jMkKm3GLHpLiq3J4gE,"","North Campus",6c2573ce-592a-4519-989c-2fd21d6918b7,"W", 08/22/2025 09:15:00 AM,"(UTC-07:00) Arizona",,,4934264.33333333,4920476.5,4945294.5,
PNTM9M2jMkKm3GLHpLiq3J4gE,"","North Campus",6c2573ce-592a-4519-989c-2fd21d6918b7,"W", 08/22/2025 09:30:00 AM,"(UTC-07:00) Arizona",,,4995116,4920476.5,5083710.5,
PNTM9M2jMkKm3GLHpLiq3J4gE,"","North Campus",6c2573ce-592a-4519-989c-2fd21d6918b7,"W", 08/22/2025 09:45:00 AM,"(UTC-07:00) Arizona",,,5038230.5,5000561.5,5066641.5,
PNTM9M2jMkKm3GLHpLiq3J4gE,"","North Campus",6c2573ce-592a-4519-989c-2fd21d6918b7,"W", 08/22/2025 10:00:00 AM,"(UTC-07:00) Arizona",,,5078360.16666667,4994884,5136147,
PNTM9M2jMkKm3GLHpLiq3J4gE,"","North Campus",6c2573ce-592a-4519-989c-2fd21d6918b7,"W", 08/22/2025 10:15:00 AM,"(UTC-07:00) Arizona",,,5019503.83333333,5003248,5041047.5,
PNTM9M2jMkKm3GLHpLiq3J4gE,"","North Campus",6c2573ce-592a-4519-989c-2fd21d6918b7,"W", 08/22/2025 10:30:00 AM,"(UTC-07:00) Arizona",,,5022419.83333333,4937090,5090036,
PNTM9M2jMkKm3GLHpLiq3J4gE,"","North Campus",6c2573ce-592a-4519-989c-2fd21d6918b7,"W", 08/22/2025 10:45:00 AM,"(UTC-07:00) Arizona",,,5151541.25,4992972.5,5310110,
PNTM9M2jMkKm3GLHpLiq3J4gE,"","North Campus",6c2573ce-592a-4519-989c-2fd21d6918b7,"W", 08/22/2025 11:00:00 AM,"(UTC-07:00) Arizona",,,4988891.33333333,4976061.5,4996395,
PNTM9M2jMkKm3GLHpLiq3J4gE,"","North Campus",6c2573ce-592a-4519-989c-2fd21d6918b7,"W", 08/22/2025 11:15:00 AM,"(UTC-07:00) Arizona",,,5289595.83333333,5256930,5321067.5,
PNTM9M2jMkKm3GLHpLiq3J4gE,"","North Campus",6c2573ce-592a-4519-989c-2fd21d6918b7,"W", 08/22/2025 11:30:00 AM,"(UTC-07:00) Arizona",,,5360540,5350881.5,5367217.5,
PNTM9M2jMkKm3GLHpLiq3J4gE,"","North Campus",6c2573ce-592a-4519-989c-2fd21d6918b7,"W", 08/22/2025 11:45:00 AM,"(UTC-07:00) Arizona",,,5305241,5288042,5322440,
PNTM9M2jMkKm3GLHpLiq3J4gE,"","North Campus",6c2573ce-592a-4519-989c-2fd21d6918b7,"W", 08/22/2025 12:00:00 PM,"(UTC-07:00) Arizona",,,5329116,5291972.5,5377959.5,
PNTM9M2jMkKm3GLHpLiq3J4gE,"","North Campus",6c2573ce-592a-4519-989c-2fd21d6918b7,"W", 08/22/2025 12:15:00 PM,"(UTC-07:00) Arizona",,,5293399.66666667,5270899.5,5334108.5,
PNTM9M2jMkKm3GLHpLiq3J4gE,"","North Campus",6c2573ce-592a-4519-989c-2fd21d6918b7,"W", 08/22/2025 12:30:00 PM,"(UTC-07:00) Arizona",,,5363987.5,5346646,5380977,
PNTM9M2jMkKm3GLHpLiq3J4gE,"","North Campus",6c2573ce-592a-4519-989c-2fd21d6918b7,"W", 08/22/2025 12:45:00 PM,"(UTC-07:00) Arizona",,,5474075.66666667,5431531,5532411.5,
PNTM9M2jMkKm3GLHpLiq3J4gE,"","North Campus",6c2573ce-592a-4519-989c-2fd21d6918b7,"W", 08/22/2025 01:00:00 PM,"(UTC-07:00) Arizona",,,5365063.5,5303271.5,5410980,
PNTM9M2jMkKm3GLHpLiq3J4gE,"","North Campus",6c2573ce-592a-4519-989c-2fd21d6918b7,"W", 08/22/2025 01:15:00 PM,"(UTC-07:00) Arizona",,,5505768,5505768,5505768,
PNTM9M2jMkKm3GLHpLiq3J4gE,"","North Campus",6c2573ce-592a-4519-989c-2fd21d6918b7,"W", 08/22/2025 01:30:00 PM,"(UTC-07:00) Arizona",,,5190587.25,5138053,5243121.5,
PNTM9M2jMkKm3GLHpLiq3J4gE,"","North Campus",6c2573ce-592a-4519-989c-2fd21d6918b7,"W", 08/22/2025 01:45:00 PM,"(UTC-07:00) Arizona",,,5303615.5,5259104.5,5375260.5,
PNTM9M2jMkKm3GLHpLiq3J4gE,"","North Campus",6c2573ce-592a-4519-989c-2fd21d6918b7,"W", 08/22/2025 02:00:00 PM,"(UTC-07:00) Arizona",,,5294677,5287829,5301525,
PNTM9M2jMkKm3GLHpLiq3J4gE,"","North Campus",6c2573ce-592a-4519-989c-2fd21d6918b7,"W", 08/22/2025 02:15:00 PM,"(UTC-07:00) Arizona",,,5380771.125,5341492.5,5412413.5,
PNTM9M2jMkKm3GLHpLiq3J4gE,"","North Campus",6c2573ce-592a-4519-989c-2fd21d6918b7,"W", 08/22/2025 02:30:00 PM,"(UTC-07:00) Arizona",,,5362661.33333333,5338693.5,5388537.5,
PNTM9M2jMkKm3GLHpLiq3J4gE,"","North Campus",6c2573ce-592a-4519-989c-2fd21d6918b7,"W", 08/22/2025 02:45:00 PM,"(UTC-07:00) Arizona",,,5347162.83333333,5301750,5399257.5,
PNTM9M2jMkKm3GLHpLiq3J4gE,"","North Campus",6c2573ce-592a-4519-989c-2fd21d6918b7,"W", 08/22/2025 03:00:00 PM,"(UTC-07:00) Arizona",,,5057266,5025170,5089362,
PNTM9M2jMkKm3GLHpLiq3J4gE,"","North Campus",6c2573ce-592a-4519-989c-2fd21d6918b7,"W", 08/22/2025 03:15:00 PM,"(UTC-07:00) Arizona",,,5238098.5,5179599,5294840,
PNTM9M2jMkKm3GLHpLiq3J4gE,"","North Campus",6c2573ce-592a-4519-989c-2fd21d6918b7,"W", 08/22/2025 03:30:00 PM,"(UTC-07:00) Arizona",,,5321631.66666667,5282310,5344809,
PNTM9M2jMkKm3GLHpLiq3J4gE,"","North Campus",6c2573ce-592a-4519-989c-2fd21d6918b7,"W", 08/22/2025 03:45:00 PM,"(UTC-07:00) Arizona",,,5162583.33333333,5131729.5,5224291,
PNTM9M2jMkKm3GLHpLiq3J4gE,"","North Campus",6c2573ce-592a-4519-989c-2fd21d6918b7,"W", 08/22/2025 04:00:00 PM,"(UTC-07:00) Arizona",,,5259622,5228194.5,5297655.5,
PNTM9M2jMkKm3GLHpLiq3J4gE,"","North Campus",6c2573ce-592a-4519-989c-2fd21d6918b7,"W", 08/22/2025 04:15:00 PM,"(UTC-07:00) Arizona",,,5244871.75,5238862,5250881.5,
PNTM9M2jMkKm3GLHpLiq3J4gE,"","North Campus",6c2573ce-592a-4519-989c-2fd21d6918b7,"W", 08/22/2025 04:30:00 PM,"(UTC-07:00) Arizona",,,5323596.875,5261517,5376612,
PNTM9M2jMkKm3GLHpLiq3J4gE,"","North Campus",6c2573ce-592a-4519-989c-2fd21d6918b7,"W", 08/22/2025 04:45:00 PM,"(UTC-07:00) Arizona",,,5254358,5193118.5,5315597.5,
PNTM9M2jMkKm3GLHpLiq3J4gE,"","North Campus",6c2573ce-592a-4519-989c-2fd21d6918b7,"W", 08/22/2025 05:00:00 PM,"(UTC-07:00) Arizona",,,5163451.66666667,5126516.5,5233968.5,
PNTM9M2jMkKm3GLHpLiq3J4gE,"","North Campus",6c2573ce-592a-4519-989c-2fd21d6918b7,"W", 08/22/2025 05:15:00 PM,"(UTC-07:00) Arizona",,,5079608.33333333,5060451,5099841.5,
PNTM9M2jMkKm3GLHpLiq3J4gE,"","North Campus",6c2573ce-592a-4519-989c-2fd21d6918b7,"W", 08/22/2025 05:30:00 PM,"(UTC-07:00) Arizona",,,5017438.83333333,4987696.5,5054593.5,
PNTM9M2jMkKm3GLHpLiq3J4gE,"","North Campus",6c2573ce-592a-4519-989c-2fd21d6918b7,"W", 08/22/2025 05:45:00 PM,"(UTC-07:00) Arizona",,,4953393,4897027,4986580,
PNTM9M2jMkKm3GLHpLiq3J4gE,"","North Campus",6c2573ce-592a-4519-989c-2fd21d6918b7,"W", 08/22/2025 06:00:00 PM,"(UTC-07:00) Arizona",,,4872256.16666667,4811194.5,4911511,
PNTM9M2jMkKm3GLHpLiq3J4gE,"","North Campus",6c2573ce-592a-4519-989c-2fd21d6918b7,"W", 08/22/2025 06:15:00 PM,"(UTC-07:00) Arizona",,,4811047,4789446,4828446.5,
PNTM9M2jMkKm3GLHpLiq3J4gE,"","North Campus",6c2573ce-592a-4519-989c-2fd21d6918b7,"W", 08/22/2025 06:30:00 PM,"(UTC-07:00) Arizona",,,4768847.16666667,4738667.5,4791783.5,
PNTM9M2jMkKm3GLHpLiq3J4gE,"","North Campus",6c2573ce-592a-4519-989c-2fd21d6918b7,"W", 08/22/2025 06:45:00 PM,"(UTC-07:00) Arizona",,,4688435.16666667,4641278.5,4730429,
PNTM9M2jMkKm3GLHpLiq3J4gE,"","North Campus",6c2573ce-592a-4519-989c-2fd21d6918b7,"W", 08/22/2025 07:00:00 PM,"(UTC-07:00) Arizona",,,4621418.66666667,4537212.5,4674683.5,
PNTM9M2jMkKm3GLHpLiq3J4gE,"","North Campus",6c2573ce-592a-4519-989c-2fd21d6918b7,"W", 08/22/2025 07:15:00 PM,"(UTC-07:00) Arizona",,,4527294.83333333,4498550,4548008.5,
PNTM9M2jMkKm3GLHpLiq3J4gE,"","North Campus",6c2573ce-592a-4519-989c-2fd21d6918b7,"W", 08/22/2025 07:30:00 PM,"(UTC-07:00) Arizona",,,4446034.5,4437715,4457104,
PNTM9M2jMkKm3GLHpLiq3J4gE,"","North Campus",6c2573ce-592a-4519-989c-2fd21d6918b7,"W", 08/22/2025 07:45:00 PM,"(UTC-07:00) Arizona",,,4443822.83333333,4415885.5,4458543.5,
PNTM9M2jMkKm3GLHpLiq3J4gE,"","North Campus",6c2573ce-592a-4519-989c-2fd21d6918b7,"W", 08/22/2025 08:00:00 PM,"(UTC-07:00) Arizona",,,4411800.16666667,4367880,4452687.5,
PNTM9M2jMkKm3GLHpLiq3J4gE,"","North Campus",6c2573ce-592a-4519-989c-2fd21d6918b7,"W", 08/22/2025 08:15:00 PM,"(UTC-07:00) Arizona",,,4374192,4357557.5,4387238,
PNTM9M2jMkKm3GLHpLiq3J4gE,"","North Campus",6c2573ce-592a-4519-989c-2fd21d6918b7,"W", 08/22/2025 08:30:00 PM,"(UTC-07:00) Arizona",,,4379076,4362010,4396104.5,
PNTM9M2jMkKm3GLHpLiq3J4gE,"","North Campus",6c2573ce-592a-4519-989c-2fd21d6918b7,"W", 08/22/2025 08:45:00 PM,"(UTC-07:00) Arizona",,,4297140.06666667,4192604.2,4375421.5,
PNTM9M2jMkKm3GLHpLiq3J4gE,"","North Campus",6c2573ce-592a-4519-989c-2fd21d6918b7,"W", 08/22/2025 09:00:00 PM,"(UTC-07:00) Arizona",,,4128394.06666667,4106954.2,4163601,
PNTM9M2jMkKm3GLHpLiq3J4gE,"","North Campus",6c2573ce-592a-4519-989c-2fd21d6918b7,"W", 08/22/2025 09:15:00 PM,"(UTC-07:00) Arizona",,,4104513.66666667,4090085,4132122.2,
PNTM9M2jMkKm3GLHpLiq3J4gE,"","North Campus",6c2573ce-592a-4519-989c-2fd21d6918b7,"W", 08/22/2025 09:30:00 PM,"(UTC-07:00) Arizona",,,4089045.5,4070851.5,4108967.8,
PNTM9M2jMkKm3GLHpLiq3J4gE,"","North Campus",6c2573ce-592a-4519-989c-2fd21d6918b7,"W", 08/22/2025 09:45:00 PM,"(UTC-07:00) Arizona",,,4089805.96666667,4048555.5,4119746.2,
PNTM9M2jMkKm3GLHpLiq3J4gE,"","North Campus",6c2573ce-592a-4519-989c-2fd21d6918b7,"W", 08/22/2025 10:00:00 PM,"(UTC-07:00) Arizona",,,4004483.73333333,3979307.2,4043295.5,
PNTM9M2jMkKm3GLHpLiq3J4gE,"","North Campus",6c2573ce-592a-4519-989c-2fd21d6918b7,"W", 08/22/2025 10:15:00 PM,"(UTC-07:00) Arizona",,,3902335.8,3797063.2,3994644.2,
PNTM9M2jMkKm3GLHpLiq3J4gE,"","North Campus",6c2573ce-592a-4519-989c-2fd21d6918b7,"W", 08/22/2025 10:30:00 PM,"(UTC-07:00) Arizona",,,3876605.66666667,3856575.2,3910477,
PNTM9M2jMkKm3GLHpLiq3J4gE,"","North Campus",6c2573ce-592a-4519-989c-2fd21d6918b7,"W", 08/22/2025 10:45:00 PM,"(UTC-07:00) Arizona",,,3871696.16666667,3860502.8,3886444.2,
PNTM9M2jMkKm3GLHpLiq3J4gE,"","North Campus",6c2573ce-592a-4519-989c-2fd21d6918b7,"W", 08/22/2025 11:00:00 PM,"(UTC-07:00) Arizona",,,3857579.1,3835925.5,3876393.8,
PNTM9M2jMkKm3GLHpLiq3J4gE,"","North Campus",6c2573ce-592a-4519-989c-2fd21d6918b7,"W", 08/22/2025 11:15:00 PM,"(UTC-07:00) Arizona",,,3856120,3842473.2,3869084.8,
PNTM9M2jMkKm3GLHpLiq3J4gE,"","North Campus",6c2573ce-592a-4519-989c-2fd21d6918b7,"W", 08/22/2025 11:30:00 PM,"(UTC-07:00) Arizona",,,3765026.26666667,3751244.8,3778801.8,
PNTM9M2jMkKm3GLHpLiq3J4gE,"","North Campus",6c2573ce-592a-4519-989c-2fd21d6918b7,"W", 08/22/2025 11:45:00 PM,"(UTC-07:00) Arizona",,,3740446.83333333,3712514.8,3761229.2,
PNTM9M2jMkKm3GLHpLiq3J4gE,"","North Campus",6c2573ce-592a-4519-989c-2fd21d6918b7,"W", 08/23/2025 12:00:00 AM,"(UTC-07:00) Arizona",,,3735740.46666667,3715753.2,3764031.2,
PNTM9M2jMkKm3GLHpLiq3J4gE,"","North Campus",6c2573ce-592a-4519-989c-2fd21d6918b7,"W", 08/23/2025 12:15:00 AM,"(UTC-07:00) Arizona",,,3685694.63333333,3676779.2,3699275.2,
PNTM9M2jMkKm3GLHpLiq3J4gE,"","North Campus",6c2573ce-592a-4519-989c-2fd21d6918b7,"W", 08/23/2025 12:30:00 AM,"(UTC-07:00) Arizona",,,3658723.65,3650198.8,3667248.5,
PNTM9M2jMkKm3GLHpLiq3J4gE,"","North Campus",6c2573ce-592a-4519-989c-2fd21d6918b7,"W", 08/23/2025 12:45:00 AM,"(UTC-07:00) Arizona",,,3709104.5,3692436.2,3727155.8,
PNTM9M2jMkKm3GLHpLiq3J4gE,"","North Campus",6c2573ce-592a-4519-989c-2fd21d6918b7,"W", 08/23/2025 01:00:00 AM,"(UTC-07:00) Arizona",,,3696639.9,3677379,3715900.8,
PNTM9M2jMkKm3GLHpLiq3J4gE,"","North Campus",6c2573ce-592a-4519-989c-2fd21d6918b7,"W", 08/23/2025 01:15:00 AM,"(UTC-07:00) Arizona",,,3708901.6,3678186.5,3742916.5,
PNTM9M2jMkKm3GLHpLiq3J4gE,"","North Campus",6c2573ce-592a-4519-989c-2fd21d6918b7,"W", 08/23/2025 01:30:00 AM,"(UTC-07:00) Arizona",,,3663631,3634663,3688648.2,
PNTM9M2jMkKm3GLHpLiq3J4gE,"","North Campus",6c2573ce-592a-4519-989c-2fd21d6918b7,"W", 08/23/2025 01:45:00 AM,"(UTC-07:00) Arizona",,,3667721.9,3640352.8,3695091,
PNTM9M2jMkKm3GLHpLiq3J4gE,"","North Campus",6c2573ce-592a-4519-989c-2fd21d6918b7,"W", 08/23/2025 02:00:00 AM,"(UTC-07:00) Arizona",,,3663710.375,3654431.5,3673712.8,
PNTM9M2jMkKm3GLHpLiq3J4gE,"","North Campus",6c2573ce-592a-4519-989c-2fd21d6918b7,"W", 08/23/2025 02:15:00 AM,"(UTC-07:00) Arizona",,,3614095.16666667,3582908.8,3668774.2,
PNTM9M2jMkKm3GLHpLiq3J4gE,"","North Campus",6c2573ce-592a-4519-989c-2fd21d6918b7,"W", 08/23/2025 02:30:00 AM,"(UTC-07:00) Arizona",,,3560168.75,3551972,3568365.5,
PNTM9M2jMkKm3GLHpLiq3J4gE,"","North Campus",6c2573ce-592a-4519-989c-2fd21d6918b7,"W", 08/23/2025 02:45:00 AM,"(UTC-07:00) Arizona",,,3544908.9,3532917.5,3559005.2,
PNTM9M2jMkKm3GLHpLiq3J4gE,"","North Campus",6c2573ce-592a-4519-989c-2fd21d6918b7,"W", 08/23/2025 03:00:00 AM,"(UTC-07:00) Arizona",,,3532272.83333333,3522112.5,3548495,
PNTM9M2jMkKm3GLHpLiq3J4gE,"","North Campus",6c2573ce-592a-4519-989c-2fd21d6918b7,"W", 08/23/2025 03:15:00 AM,"(UTC-07:00) Arizona",,,3534568.66666667,3513331.8,3558626,
PNTM9M2jMkKm3GLHpLiq3J4gE,"","North Campus",6c2573ce-592a-4519-989c-2fd21d6918b7,"W", 08/23/2025 03:30:00 AM,"(UTC-07:00) Arizona",,,3536267.825,3528327.8,3542614.5,
PNTM9M2jMkKm3GLHpLiq3J4gE,"","North Campus",6c2573ce-592a-4519-989c-2fd21d6918b7,"W", 08/23/2025 03:45:00 AM,"(UTC-07:00) Arizona",,,3512318.9,3494380,3530257.8,
PNTM9M2jMkKm3GLHpLiq3J4gE,"","North Campus",6c2573ce-592a-4519-989c-2fd21d6918b7,"W", 08/23/2025 04:00:00 AM,"(UTC-07:00) Arizona",,,3522886.2,3512127.8,3536737.8,
PNTM9M2jMkKm3GLHpLiq3J4gE,"","North Campus",6c2573ce-592a-4519-989c-2fd21d6918b7,"W", 08/23/2025 04:15:00 AM,"(UTC-07:00) Arizona",,,3545680.6,3514922,3574758.8,
PNTM9M2jMkKm3GLHpLiq3J4gE,"","North Campus",6c2573ce-592a-4519-989c-2fd21d6918b7,"W", 08/23/2025 04:30:00 AM,"(UTC-07:00) Arizona",,,3527801.9,3522063.2,3531371,
PNTM9M2jMkKm3GLHpLiq3J4gE,"","North Campus",6c2573ce-592a-4519-989c-2fd21d6918b7,"W", 08/23/2025 04:45:00 AM,"(UTC-07:00) Arizona",,,3532738.13333333,3512611.2,3545484.2,
PNTM9M2jMkKm3GLHpLiq3J4gE,"","North Campus",6c2573ce-592a-4519-989c-2fd21d6918b7,"W", 08/23/2025 05:00:00 AM,"(UTC-07:00) Arizona",,,3562542.95,3524677.5,3603012.8,
PNTM9M2jMkKm3GLHpLiq3J4gE,"","North Campus",6c2573ce-592a-4519-989c-2fd21d6918b7,"W", 08/23/2025 05:15:00 AM,"(UTC-07:00) Arizona",,,3576812,3557089.5,3596534.5,
PNTM9M2jMkKm3GLHpLiq3J4gE,"","North Campus",6c2573ce-592a-4519-989c-2fd21d6918b7,"W", 08/23/2025 05:30:00 AM,"(UTC-07:00) Arizona",,,3559033.76666667,3525359,3578072.5,
PNTM9M2jMkKm3GLHpLiq3J4gE,"","North Campus",6c2573ce-592a-4519-989c-2fd21d6918b7,"W", 08/23/2025 05:45:00 AM,"(UTC-07:00) Arizona",,,3553776.33333333,3521162.5,3589187,
PNTM9M2jMkKm3GLHpLiq3J4gE,"","North Campus",6c2573ce-592a-4519-989c-2fd21d6918b7,"W", 08/23/2025 06:00:00 AM,"(UTC-07:00) Arizona",,,3595366.85,3580933.2,3614523.8,
PNTM9M2jMkKm3GLHpLiq3J4gE,"","North Campus",6c2573ce-592a-4519-989c-2fd21d6918b7,"W", 08/23/2025 06:15:00 AM,"(UTC-07:00) Arizona",,,3620038.75,3616411.5,3623666,
PNTM9M2jMkKm3GLHpLiq3J4gE,"","North Campus",6c2573ce-592a-4519-989c-2fd21d6918b7,"W", 08/23/2025 06:30:00 AM,"(UTC-07:00) Arizona",,,3618999.46666667,3600346,3656298.2,
PNTM9M2jMkKm3GLHpLiq3J4gE,"","North Campus",6c2573ce-592a-4519-989c-2fd21d6918b7,"W", 08/23/2025 06:45:00 AM,"(UTC-07:00) Arizona",,,3648281.66666667,3630764,3659822,
PNTM9M2jMkKm3GLHpLiq3J4gE,"","North Campus",6c2573ce-592a-4519-989c-2fd21d6918b7,"W", 08/23/2025 07:00:00 AM,"(UTC-07:00) Arizona",,,3658662.06666667,3613618.8,3728742.2,
PNTM9M2jMkKm3GLHpLiq3J4gE,"","North Campus",6c2573ce-592a-4519-989c-2fd21d6918b7,"W", 08/23/2025 07:15:00 AM,"(UTC-07:00) Arizona",,,3702820.23333333,3643781,3782079.2,
PNTM9M2jMkKm3GLHpLiq3J4gE,"","North Campus",6c2573ce-592a-4519-989c-2fd21d6918b7,"W", 08/23/2025 07:30:00 AM,"(UTC-07:00) Arizona",,,3821738.25,3794204.5,3874953.5,
PNTM9M2jMkKm3GLHpLiq3J4gE,"","North Campus",6c2573ce-592a-4519-989c-2fd21d6918b7,"W", 08/23/2025 07:45:00 AM,"(UTC-07:00) Arizona",,,3865016.5,3861768,3868265,
PNTM9M2jMkKm3GLHpLiq3J4gE,"","North Campus",6c2573ce-592a-4519-989c-2fd21d6918b7,"W", 08/23/2025 08:00:00 AM,"(UTC-07:00) Arizona",,,3997786.85,3966258.2,4029315.5,
PNTM9M2jMkKm3GLHpLiq3J4gE,"","North Campus",6c2573ce-592a-4519-989c-2fd21d6918b7,"W", 08/23/2025 08:15:00 AM,"(UTC-07:00) Arizona",,,4049978.13333333,3991979.2,4092601.2,
PNTM9M2jMkKm3GLHpLiq3J4gE,"","North Campus",6c2573ce-592a-4519-989c-2fd21d6918b7,"W", 08/23/2025 08:30:00 AM,"(UTC-07:00) Arizona",,,4126516.83333333,4083845.5,4171541,
PNTM9M2jMkKm3GLHpLiq3J4gE,"","North Campus",6c2573ce-592a-4519-989c-2fd21d6918b7,"W", 08/23/2025 08:45:00 AM,"(UTC-07:00) Arizona",,,4178050.56666667,4154431.2,4209035.5,
PNTM9M2jMkKm3GLHpLiq3J4gE,"","North Campus",6c2573ce-592a-4519-989c-2fd21d6918b7,"W", 08/23/2025 09:00:00 AM,"(UTC-07:00) Arizona",,,4088907.9,4014255.5,4165152.2,
PNTM9M2jMkKm3GLHpLiq3J4gE,"","North Campus",6c2573ce-592a-4519-989c-2fd21d6918b7,"W", 08/23/2025 09:15:00 AM,"(UTC-07:00) Arizona",,,3955084.93333333,3748338,4117340.8,
PNTM9M2jMkKm3GLHpLiq3J4gE,"","North Campus",6c2573ce-592a-4519-989c-2fd21d6918b7,"W", 08/23/2025 09:30:00 AM,"(UTC-07:00) Arizona",,,3990101.66666667,3876252.5,4073877.5,
PNTM9M2jMkKm3GLHpLiq3J4gE,"","North Campus",6c2573ce-592a-4519-989c-2fd21d6918b7,"W", 08/23/2025 09:45:00 AM,"(UTC-07:00) Arizona",,,4348812.26666667,4192813.8,4548542.5,
PNTM9M2jMkKm3GLHpLiq3J4gE,"","North Campus",6c2573ce-592a-4519-989c-2fd21d6918b7,"W", 08/23/2025 10:00:00 AM,"(UTC-07:00) Arizona",,,4403749,4335373.5,4480572.5,
PNTM9M2jMkKm3GLHpLiq3J4gE,"","North Campus",6c2573ce-592a-4519-989c-2fd21d6918b7,"W", 08/23/2025 10:15:00 AM,"(UTC-07:00) Arizona",,,4399709.83333333,4370622.5,4424181,
PNTM9M2jMkKm3GLHpLiq3J4gE,"","North Campus",6c2573ce-592a-4519-989c-2fd21d6918b7,"W", 08/23/2025 10:30:00 AM,"(UTC-07:00) Arizona",,,4485523.33333333,4433861.5,4541960.5,
PNTM9M2jMkKm3GLHpLiq3J4gE,"","North Campus",6c2573ce-592a-4519-989c-2fd21d6918b7,"W", 08/23/2025 10:45:00 AM,"(UTC-07:00) Arizona",,,4471261.83333333,4444225.5,4519755.5,
PNTM9M2jMkKm3GLHpLiq3J4gE,"","North Campus",6c2573ce-592a-4519-989c-2fd21d6918b7,"W", 08/23/2025 11:00:00 AM,"(UTC-07:00) Arizona",,,4608782.83333333,4494623.5,4685298.5,
PNTM9M2jMkKm3GLHpLiq3J4gE,"","North Campus",6c2573ce-592a-4519-989c-2fd21d6918b7,"W", 08/23/2025 11:15:00 AM,"(UTC-07:00) Arizona",,,4534716.5,4462427.5,4678745.5,
PNTM9M2jMkKm3GLHpLiq3J4gE,"","North Campus",6c2573ce-592a-4519-989c-2fd21d6918b7,"W", 08/23/2025 11:30:00 AM,"(UTC-07:00) Arizona",,,4519648.5,4430779.5,4642953,
PNTM9M2jMkKm3GLHpLiq3J4gE,"","North Campus",6c2573ce-592a-4519-989c-2fd21d6918b7,"W", 08/23/2025 11:45:00 AM,"(UTC-07:00) Arizona",,,4535336.33333333,4422864,4707324,
PNTM9M2jMkKm3GLHpLiq3J4gE,"","North Campus",6c2573ce-592a-4519-989c-2fd21d6918b7,"W", 08/23/2025 12:00:00 PM,"(UTC-07:00) Arizona",,,4697414,4609505,4798069.5,
PNTM9M2jMkKm3GLHpLiq3J4gE,"","North Campus",6c2573ce-592a-4519-989c-2fd21d6918b7,"W", 08/23/2025 12:15:00 PM,"(UTC-07:00) Arizona",,,4803940.83333333,4743724,4866106,
PNTM9M2jMkKm3GLHpLiq3J4gE,"","North Campus",6c2573ce-592a-4519-989c-2fd21d6918b7,"W", 08/23/2025 12:30:00 PM,"(UTC-07:00) Arizona",,,4828744.83333333,4807025,4843587,
PNTM9M2jMkKm3GLHpLiq3J4gE,"","North Campus",6c2573ce-592a-4519-989c-2fd21d6918b7,"W", 08/23/2025 12:45:00 PM,"(UTC-07:00) Arizona",,,4841459,4810854,4878389,
PNTM9M2jMkKm3GLHpLiq3J4gE,"","North Campus",6c2573ce-592a-4519-989c-2fd21d6918b7,"W", 08/23/2025 01:00:00 PM,"(UTC-07:00) Arizona",,,4824593.66666667,4778095,4862886,
PNTM9M2jMkKm3GLHpLiq3J4gE,"","North Campus",6c2573ce-592a-4519-989c-2fd21d6918b7,"W", 08/23/2025 01:15:00 PM,"(UTC-07:00) Arizona",,,4777664.66666667,4743781.5,4807231.5,
PNTM9M2jMkKm3GLHpLiq3J4gE,"","North Campus",6c2573ce-592a-4519-989c-2fd21d6918b7,"W", 08/23/2025 01:30:00 PM,"(UTC-07:00) Arizona",,,4724186.5,4691746.5,4756626.5,
PNTM9M2jMkKm3GLHpLiq3J4gE,"","North Campus",6c2573ce-592a-4519-989c-2fd21d6918b7,"W", 08/23/2025 01:45:00 PM,"(UTC-07:00) Arizona",,,4675502.875,4617216,4710125.5,
PNTM9M2jMkKm3GLHpLiq3J4gE,"","North Campus",6c2573ce-592a-4519-989c-2fd21d6918b7,"W", 08/23/2025 02:00:00 PM,"(UTC-07:00) Arizona",,,4659858.5,4644063,4691344,
PNTM9M2jMkKm3GLHpLiq3J4gE,"","North Campus",6c2573ce-592a-4519-989c-2fd21d6918b7,"W", 08/23/2025 02:15:00 PM,"(UTC-07:00) Arizona",,,4670694.16666667,4650261.5,4697546.5,
PNTM9M2jMkKm3GLHpLiq3J4gE,"","North Campus",6c2573ce-592a-4519-989c-2fd21d6918b7,"W", 08/23/2025 02:30:00 PM,"(UTC-07:00) Arizona",,,4596527.66666667,4562903.5,4618255.5,
PNTM9M2jMkKm3GLHpLiq3J4gE,"","North Campus",6c2573ce-592a-4519-989c-2fd21d6918b7,"W", 08/23/2025 02:45:00 PM,"(UTC-07:00) Arizona",,,4519111.75,4487874,4550349.5,
PNTM9M2jMkKm3GLHpLiq3J4gE,"","North Campus",6c2573ce-592a-4519-989c-2fd21d6918b7,"W", 08/23/2025 03:00:00 PM,"(UTC-07:00) Arizona",,,4408466,4373239.5,4477118.5,
PNTM9M2jMkKm3GLHpLiq3J4gE,"","North Campus",6c2573ce-592a-4519-989c-2fd21d6918b7,"W", 08/23/2025 03:15:00 PM,"(UTC-07:00) Arizona",,,4542948.25,4419026.5,4666870,
PNTM9M2jMkKm3GLHpLiq3J4gE,"","North Campus",6c2573ce-592a-4519-989c-2fd21d6918b7,"W", 08/23/2025 03:30:00 PM,"(UTC-07:00) Arizona",,,4664976.66666667,4629146,4732579,
PNTM9M2jMkKm3GLHpLiq3J4gE,"","North Campus",6c2573ce-592a-4519-989c-2fd21d6918b7,"W", 08/23/2025 03:45:00 PM,"(UTC-07:00) Arizona",,,4669840,4643345,4705378,
PNTM9M2jMkKm3GLHpLiq3J4gE,"","North Campus",6c2573ce-592a-4519-989c-2fd21d6918b7,"W", 08/23/2025 04:00:00 PM,"(UTC-07:00) Arizona",,,4526295.75,4512475,4540116.5,
PNTM9M2jMkKm3GLHpLiq3J4gE,"","North Campus",6c2573ce-592a-4519-989c-2fd21d6918b7,"W", 08/23/2025 04:15:00 PM,"(UTC-07:00) Arizona",,,4626630.25,4483136.5,4735196,
PNTM9M2jMkKm3GLHpLiq3J4gE,"","North Campus",6c2573ce-592a-4519-989c-2fd21d6918b7,"W", 08/23/2025 04:30:00 PM,"(UTC-07:00) Arizona",,,4632296.5,4610238.5,4654354.5,
PNTM9M2jMkKm3GLHpLiq3J4gE,"","North Campus",6c2573ce-592a-4519-989c-2fd21d6918b7,"W", 08/23/2025 04:45:00 PM,"(UTC-07:00) Arizona",,,4678353.5,4610862,4716533,
PNTM9M2jMkKm3GLHpLiq3J4gE,"","North Campus",6c2573ce-592a-4519-989c-2fd21d6918b7,"W", 08/23/2025 05:00:00 PM,"(UTC-07:00) Arizona",,,4721281.66666667,4708318,4747209,
PNTM9M2jMkKm3GLHpLiq3J4gE,"","North Campus",6c2573ce-592a-4519-989c-2fd21d6918b7,"W", 08/23/2025 05:15:00 PM,"(UTC-07:00) Arizona",,,4763413.75,4760584.5,4766243,
PNTM9M2jMkKm3GLHpLiq3J4gE,"","North Campus",6c2573ce-592a-4519-989c-2fd21d6918b7,"W", 08/23/2025 05:30:00 PM,"(UTC-07:00) Arizona",,,4737887.25,4716520.5,4779623,
PNTM9M2jMkKm3GLHpLiq3J4gE,"","North Campus",6c2573ce-592a-4519-989c-2fd21d6918b7,"W", 08/23/2025 05:45:00 PM,"(UTC-07:00) Arizona",,,4699126.25,4698470.5,4699782,
PNTM9M2jMkKm3GLHpLiq3J4gE,"","North Campus",6c2573ce-592a-4519-989c-2fd21d6918b7,"W", 08/23/2025 06:00:00 PM,"(UTC-07:00) Arizona",,,4662463,4622895.5,4701936,
PNTM9M2jMkKm3GLHpLiq3J4gE,"","North Campus",6c2573ce-592a-4519-989c-2fd21d6918b7,"W", 08/23/2025 06:15:00 PM,"(UTC-07:00) Arizona",,,4600715.125,4516966,4648782,
PNTM9M2jMkKm3GLHpLiq3J4gE,"","North Campus",6c2573ce-592a-4519-989c-2fd21d6918b7,"W", 08/23/2025 06:30:00 PM,"(UTC-07:00) Arizona",,,4593328.5,4591968.5,4594688.5,
PNTM9M2jMkKm3GLHpLiq3J4gE,"","North Campus",6c2573ce-592a-4519-989c-2fd21d6918b7,"W", 08/23/2025 06:45:00 PM,"(UTC-07:00) Arizona",,,4564127.16666667,4530244,4591918,
PNTM9M2jMkKm3GLHpLiq3J4gE,"","North Campus",6c2573ce-592a-4519-989c-2fd21d6918b7,"W", 08/23/2025 07:00:00 PM,"(UTC-07:00) Arizona",,,4472443.125,4407901.5,4535864.5,
PNTM9M2jMkKm3GLHpLiq3J4gE,"","North Campus",6c2573ce-592a-4519-989c-2fd21d6918b7,"W", 08/23/2025 07:15:00 PM,"(UTC-07:00) Arizona",,,4459815.25,4441551,4478079.5,
PNTM9M2jMkKm3GLHpLiq3J4gE,"","North Campus",6c2573ce-592a-4519-989c-2fd21d6918b7,"W", 08/23/2025 07:30:00 PM,"(UTC-07:00) Arizona",,,4448417.375,4435087.5,4463525,
PNTM9M2jMkKm3GLHpLiq3J4gE,"","North Campus",6c2573ce-592a-4519-989c-2fd21d6918b7,"W", 08/23/2025 07:45:00 PM,"(UTC-07:00) Arizona",,,4392190.5,4380122,4404259,
PNTM9M2jMkKm3GLHpLiq3J4gE,"","North Campus",6c2573ce-592a-4519-989c-2fd21d6918b7,"W", 08/23/2025 08:00:00 PM,"(UTC-07:00) Arizona",,,4268154,4254662,4279019,
PNTM9M2jMkKm3GLHpLiq3J4gE,"","North Campus",6c2573ce-592a-4519-989c-2fd21d6918b7,"W", 08/23/2025 08:15:00 PM,"(UTC-07:00) Arizona",,,4279483.16666667,4264392.5,4304119.5,
PNTM9M2jMkKm3GLHpLiq3J4gE,"","North Campus",6c2573ce-592a-4519-989c-2fd21d6918b7,"W", 08/23/2025 08:30:00 PM,"(UTC-07:00) Arizona",,,4271006,4269321.5,4272690.5,
PNTM9M2jMkKm3GLHpLiq3J4gE,"","North Campus",6c2573ce-592a-4519-989c-2fd21d6918b7,"W", 08/23/2025 08:45:00 PM,"(UTC-07:00) Arizona",,,4276831,4242095.5,4326160.5,
PNTM9M2jMkKm3GLHpLiq3J4gE,"","North Campus",6c2573ce-592a-4519-989c-2fd21d6918b7,"W", 08/23/2025 09:00:00 PM,"(UTC-07:00) Arizona",,,4213645.16666667,4197278.5,4239540.5,
PNTM9M2jMkKm3GLHpLiq3J4gE,"","North Campus",6c2573ce-592a-4519-989c-2fd21d6918b7,"W", 08/23/2025 09:15:00 PM,"(UTC-07:00) Arizona",,,4189000.33333333,4158273.5,4225063.5,
PNTM9M2jMkKm3GLHpLiq3J4gE,"","North Campus",6c2573ce-592a-4519-989c-2fd21d6918b7,"W", 08/23/2025 09:30:00 PM,"(UTC-07:00) Arizona",,,4155171.275,4127304.8,4187988,
PNTM9M2jMkKm3GLHpLiq3J4gE,"","North Campus",6c2573ce-592a-4519-989c-2fd21d6918b7,"W", 08/23/2025 09:45:00 PM,"(UTC-07:00) Arizona",,,4131619.65,4108007.8,4155231.5,
PNTM9M2jMkKm3GLHpLiq3J4gE,"","North Campus",6c2573ce-592a-4519-989c-2fd21d6918b7,"W", 08/23/2025 10:00:00 PM,"(UTC-07:00) Arizona",,,3975753.46666667,3861355.8,4054352.8,
PNTM9M2jMkKm3GLHpLiq3J4gE,"","North Campus",6c2573ce-592a-4519-989c-2fd21d6918b7,"W", 08/23/2025 10:15:00 PM,"(UTC-07:00) Arizona",,,4006401.06666667,3996765.2,4014904.5,
PNTM9M2jMkKm3GLHpLiq3J4gE,"","North Campus",6c2573ce-592a-4519-989c-2fd21d6918b7,"W", 08/23/2025 10:30:00 PM,"(UTC-07:00) Arizona",,,4007084.33333333,3994777.5,4030490,
PNTM9M2jMkKm3GLHpLiq3J4gE,"","North Campus",6c2573ce-592a-4519-989c-2fd21d6918b7,"W", 08/23/2025 10:45:00 PM,"(UTC-07:00) Arizona",,,3955023.03333333,3916380.8,3979808.5,
PNTM9M2jMkKm3GLHpLiq3J4gE,"","North Campus",6c2573ce-592a-4519-989c-2fd21d6918b7,"W", 08/23/2025 11:00:00 PM,"(UTC-07:00) Arizona",,,3948097.96666667,3926744.2,3978134.5,
PNTM9M2jMkKm3GLHpLiq3J4gE,"","North Campus",6c2573ce-592a-4519-989c-2fd21d6918b7,"W", 08/23/2025 11:15:00 PM,"(UTC-07:00) Arizona",,,3948938.16666667,3901736.5,3984499,
PNTM9M2jMkKm3GLHpLiq3J4gE,"","North Campus",6c2573ce-592a-4519-989c-2fd21d6918b7,"W", 08/23/2025 11:30:00 PM,"(UTC-07:00) Arizona",,,3878635.73333333,3865195.2,3887943.8,
PNTM9M2jMkKm3GLHpLiq3J4gE,"","North Campus",6c2573ce-592a-4519-989c-2fd21d6918b7,"W", 08/23/2025 11:45:00 PM,"(UTC-07:00) Arizona",,,3842726.46666667,3812272,3860295.2,
PNTM9M2jMkKm3GLHpLiq3J4gE,"","North Campus",6c2573ce-592a-4519-989c-2fd21d6918b7,"W", 08/24/2025 12:00:00 AM,"(UTC-07:00) Arizona",,,3799088.06666667,3757514.5,3852656.5,
PNTM9M2jMkKm3GLHpLiq3J4gE,"","North Campus",6c2573ce-592a-4519-989c-2fd21d6918b7,"W", 08/24/2025 12:15:00 AM,"(UTC-07:00) Arizona",,,3748923.93333333,3718027.2,3772110.8,
PNTM9M2jMkKm3GLHpLiq3J4gE,"","North Campus",6c2573ce-592a-4519-989c-2fd21d6918b7,"W", 08/24/2025 12:30:00 AM,"(UTC-07:00) Arizona",,,3734339.43333333,3712750.8,3753932.5,
PNTM9M2jMkKm3GLHpLiq3J4gE,"","North Campus",6c2573ce-592a-4519-989c-2fd21d6918b7,"W", 08/24/2025 12:45:00 AM,"(UTC-07:00) Arizona",,,3692926.73333333,3668566,3722578,
PNTM9M2jMkKm3GLHpLiq3J4gE,"","North Campus",6c2573ce-592a-4519-989c-2fd21d6918b7,"W", 08/24/2025 01:00:00 AM,"(UTC-07:00) Arizona",,,3722999.5,3711358.8,3733707.2,
PNTM9M2jMkKm3GLHpLiq3J4gE,"","North Campus",6c2573ce-592a-4519-989c-2fd21d6918b7,"W", 08/24/2025 01:15:00 AM,"(UTC-07:00) Arizona",,,3669250.9,3649139,3702590.2,
PNTM9M2jMkKm3GLHpLiq3J4gE,"","North Campus",6c2573ce-592a-4519-989c-2fd21d6918b7,"W", 08/24/2025 01:30:00 AM,"(UTC-07:00) Arizona",,,3685294.33333333,3642601,3718078.5,
PNTM9M2jMkKm3GLHpLiq3J4gE,"","North Campus",6c2573ce-592a-4519-989c-2fd21d6918b7,"W", 08/24/2025 01:45:00 AM,"(UTC-07:00) Arizona",,,3640075.43333333,3638271.8,3642300,
PNTM9M2jMkKm3GLHpLiq3J4gE,"","North Campus",6c2573ce-592a-4519-989c-2fd21d6918b7,"W", 08/24/2025 02:00:00 AM,"(UTC-07:00) Arizona",,,3633367.36666667,3622624.5,3648343.8,
PNTM9M2jMkKm3GLHpLiq3J4gE,"","North Campus",6c2573ce-592a-4519-989c-2fd21d6918b7,"W", 08/24/2025 02:15:00 AM,"(UTC-07:00) Arizona",,,3630669.33333333,3611404.2,3644944.8,
PNTM9M2jMkKm3GLHpLiq3J4gE,"","North Campus",6c2573ce-592a-4519-989c-2fd21d6918b7,"W", 08/24/2025 02:30:00 AM,"(UTC-07:00) Arizona",,,3622823.63333333,3595799.5,3641946.2,
PNTM9M2jMkKm3GLHpLiq3J4gE,"","North Campus",6c2573ce-592a-4519-989c-2fd21d6918b7,"W", 08/24/2025 02:45:00 AM,"(UTC-07:00) Arizona",,,3612059.03333333,3573934.8,3631713.5,
PNTM9M2jMkKm3GLHpLiq3J4gE,"","North Campus",6c2573ce-592a-4519-989c-2fd21d6918b7,"W", 08/24/2025 03:00:00 AM,"(UTC-07:00) Arizona",,,3576999.2,3574027.2,3579971.2,
PNTM9M2jMkKm3GLHpLiq3J4gE,"","North Campus",6c2573ce-592a-4519-989c-2fd21d6918b7,"W", 08/24/2025 03:15:00 AM,"(UTC-07:00) Arizona",,,3554024.3,3548541.2,3559356.2,
PNTM9M2jMkKm3GLHpLiq3J4gE,"","North Campus",6c2573ce-592a-4519-989c-2fd21d6918b7,"W", 08/24/2025 03:30:00 AM,"(UTC-07:00) Arizona",,,3545750.4,3510227,3584356,
PNTM9M2jMkKm3GLHpLiq3J4gE,"","North Campus",6c2573ce-592a-4519-989c-2fd21d6918b7,"W", 08/24/2025 03:45:00 AM,"(UTC-07:00) Arizona",,,3560823.16666667,3540438,3580376,
PNTM9M2jMkKm3GLHpLiq3J4gE,"","North Campus",6c2573ce-592a-4519-989c-2fd21d6918b7,"W", 08/24/2025 04:00:00 AM,"(UTC-07:00) Arizona",,,3599276.83333333,3594576,3606425.5,
PNTM9M2jMkKm3GLHpLiq3J4gE,"","North Campus",6c2573ce-592a-4519-989c-2fd21d6918b7,"W", 08/24/2025 04:15:00 AM,"(UTC-07:00) Arizona",,,3586080.06666667,3567623.2,3603009.5,
PNTM9M2jMkKm3GLHpLiq3J4gE,"","North Campus",6c2573ce-592a-4519-989c-2fd21d6918b7,"W", 08/24/2025 04:30:00 AM,"(UTC-07:00) Arizona",,,3601321.5,3595605.8,3607037.2,
PNTM9M2jMkKm3GLHpLiq3J4gE,"","North Campus",6c2573ce-592a-4519-989c-2fd21d6918b7,"W", 08/24/2025 04:45:00 AM,"(UTC-07:00) Arizona",,,3566189.45,3527769,3580734,
PNTM9M2jMkKm3GLHpLiq3J4gE,"","North Campus",6c2573ce-592a-4519-989c-2fd21d6918b7,"W", 08/24/2025 05:00:00 AM,"(UTC-07:00) Arizona",,,3572517.7,3566278.5,3581405.8,
PNTM9M2jMkKm3GLHpLiq3J4gE,"","North Campus",6c2573ce-592a-4519-989c-2fd21d6918b7,"W", 08/24/2025 05:15:00 AM,"(UTC-07:00) Arizona",,,3648168.46666667,3584708.2,3689831.2,
PNTM9M2jMkKm3GLHpLiq3J4gE,"","North Campus",6c2573ce-592a-4519-989c-2fd21d6918b7,"W", 08/24/2025 05:30:00 AM,"(UTC-07:00) Arizona",,,3660713.46666667,3635720.2,3682664,
PNTM9M2jMkKm3GLHpLiq3J4gE,"","North Campus",6c2573ce-592a-4519-989c-2fd21d6918b7,"W", 08/24/2025 05:45:00 AM,"(UTC-07:00) Arizona",,,3669538.83333333,3642838.2,3701347.8,
PNTM9M2jMkKm3GLHpLiq3J4gE,"","North Campus",6c2573ce-592a-4519-989c-2fd21d6918b7,"W", 08/24/2025 06:00:00 AM,"(UTC-07:00) Arizona",,,3652632.36666667,3603261.8,3691613.8,
PNTM9M2jMkKm3GLHpLiq3J4gE,"","North Campus",6c2573ce-592a-4519-989c-2fd21d6918b7,"W", 08/24/2025 06:15:00 AM,"(UTC-07:00) Arizona",,,3590426.46666667,3584480.2,3595156.2,
PNTM9M2jMkKm3GLHpLiq3J4gE,"","North Campus",6c2573ce-592a-4519-989c-2fd21d6918b7,"W", 08/24/2025 06:30:00 AM,"(UTC-07:00) Arizona",,,3575685.23333333,3567856.5,3584245,
PNTM9M2jMkKm3GLHpLiq3J4gE,"","North Campus",6c2573ce-592a-4519-989c-2fd21d6918b7,"W", 08/24/2025 06:45:00 AM,"(UTC-07:00) Arizona",,,3584820.96666667,3544559.2,3649468.5,
PNTM9M2jMkKm3GLHpLiq3J4gE,"","North Campus",6c2573ce-592a-4519-989c-2fd21d6918b7,"W", 08/24/2025 07:00:00 AM,"(UTC-07:00) Arizona",,,3638670,3638670,3638670,
PNTM9M2jMkKm3GLHpLiq3J4gE,"","North Campus",6c2573ce-592a-4519-989c-2fd21d6918b7,"W", 08/24/2025 07:15:00 AM,"(UTC-07:00) Arizona",,,3646616.3,3637352.8,3655879.8,
PNTM9M2jMkKm3GLHpLiq3J4gE,"","North Campus",6c2573ce-592a-4519-989c-2fd21d6918b7,"W", 08/24/2025 07:30:00 AM,"(UTC-07:00) Arizona",,,3657121.83333333,3636748.5,3673261.8,
PNTM9M2jMkKm3GLHpLiq3J4gE,"","North Campus",6c2573ce-592a-4519-989c-2fd21d6918b7,"W", 08/24/2025 07:45:00 AM,"(UTC-07:00) Arizona",,,3565789.16666667,3533640.2,3596301.8,
PNTM9M2jMkKm3GLHpLiq3J4gE,"","North Campus",6c2573ce-592a-4519-989c-2fd21d6918b7,"W", 08/24/2025 08:00:00 AM,"(UTC-07:00) Arizona",,,3695423.05,3652007.2,3744483.8,
PNTM9M2jMkKm3GLHpLiq3J4gE,"","North Campus",6c2573ce-592a-4519-989c-2fd21d6918b7,"W", 08/24/2025 08:15:00 AM,"(UTC-07:00) Arizona",,,3882064.06666667,3807352.2,3946497.5,
PNTM9M2jMkKm3GLHpLiq3J4gE,"","North Campus",6c2573ce-592a-4519-989c-2fd21d6918b7,"W", 08/24/2025 08:30:00 AM,"(UTC-07:00) Arizona",,,3848905.26666667,3676418.8,3952165.8,
PNTM9M2jMkKm3GLHpLiq3J4gE,"","North Campus",6c2573ce-592a-4519-989c-2fd21d6918b7,"W", 08/24/2025 08:45:00 AM,"(UTC-07:00) Arizona",,,3805540.6,3763559.2,3855608.8,
PNTM9M2jMkKm3GLHpLiq3J4gE,"","North Campus",6c2573ce-592a-4519-989c-2fd21d6918b7,"W", 08/24/2025 09:00:00 AM,"(UTC-07:00) Arizona",,,3992251.73333333,3897293,4043251.2,
PNTM9M2jMkKm3GLHpLiq3J4gE,"","North Campus",6c2573ce-592a-4519-989c-2fd21d6918b7,"W", 08/24/2025 09:15:00 AM,"(UTC-07:00) Arizona",,,4066889.85,4035308.2,4098471.5,
PNTM9M2jMkKm3GLHpLiq3J4gE,"","North Campus",6c2573ce-592a-4519-989c-2fd21d6918b7,"W", 08/24/2025 09:30:00 AM,"(UTC-07:00) Arizona",,,4107302.6,4075331.2,4165139.8,
PNTM9M2jMkKm3GLHpLiq3J4gE,"","North Campus",6c2573ce-592a-4519-989c-2fd21d6918b7,"W", 08/24/2025 09:45:00 AM,"(UTC-07:00) Arizona",,,4170163.83333333,4151142.2,4193543.5,
PNTM9M2jMkKm3GLHpLiq3J4gE,"","North Campus",6c2573ce-592a-4519-989c-2fd21d6918b7,"W", 08/24/2025 10:00:00 AM,"(UTC-07:00) Arizona",,,4153791.1,4087097.5,4197484,
PNTM9M2jMkKm3GLHpLiq3J4gE,"","North Campus",6c2573ce-592a-4519-989c-2fd21d6918b7,"W", 08/24/2025 10:15:00 AM,"(UTC-07:00) Arizona",,,4140608.13333333,4081031,4178916.2,
PNTM9M2jMkKm3GLHpLiq3J4gE,"","North Campus",6c2573ce-592a-4519-989c-2fd21d6918b7,"W", 08/24/2025 10:30:00 AM,"(UTC-07:00) Arizona",,,4271048.375,4151932,4537013.5,
PNTM9M2jMkKm3GLHpLiq3J4gE,"","North Campus",6c2573ce-592a-4519-989c-2fd21d6918b7,"W", 08/24/2025 10:45:00 AM,"(UTC-07:00) Arizona",,,4228719.4,4173859.2,4269033,
PNTM9M2jMkKm3GLHpLiq3J4gE,"","North Campus",6c2573ce-592a-4519-989c-2fd21d6918b7,"W", 08/24/2025 11:00:00 AM,"(UTC-07:00) Arizona",,,4559537,4556522,4562552,
PNTM9M2jMkKm3GLHpLiq3J4gE,"","North Campus",6c2573ce-592a-4519-989c-2fd21d6918b7,"W", 08/24/2025 11:15:00 AM,"(UTC-07:00) Arizona",,,4522193.75,4498277,4566233.5,
PNTM9M2jMkKm3GLHpLiq3J4gE,"","North Campus",6c2573ce-592a-4519-989c-2fd21d6918b7,"W", 08/24/2025 11:30:00 AM,"(UTC-07:00) Arizona",,,4626145.5,4594247.5,4658043.5,
PNTM9M2jMkKm3GLHpLiq3J4gE,"","North Campus",6c2573ce-592a-4519-989c-2fd21d6918b7,"W", 08/24/2025 11:45:00 AM,"(UTC-07:00) Arizona",,,4563221.33333333,4543048,4586117.5,
PNTM9M2jMkKm3GLHpLiq3J4gE,"","North Campus",6c2573ce-592a-4519-989c-2fd21d6918b7,"W", 08/24/2025 12:00:00 PM,"(UTC-07:00) Arizona",,,4483402.625,4265425.5,4610123.5,
PNTM9M2jMkKm3GLHpLiq3J4gE,"","North Campus",6c2573ce-592a-4519-989c-2fd21d6918b7,"W", 08/24/2025 12:15:00 PM,"(UTC-07:00) Arizona",,,4200821.5,4200821.5,4200821.5,
PNTM9M2jMkKm3GLHpLiq3J4gE,"","North Campus",6c2573ce-592a-4519-989c-2fd21d6918b7,"W", 08/24/2025 12:30:00 PM,"(UTC-07:00) Arizona",,,4372820.66666667,4229782,4578850.5,
PNTM9M2jMkKm3GLHpLiq3J4gE,"","North Campus",6c2573ce-592a-4519-989c-2fd21d6918b7,"W", 08/24/2025 12:45:00 PM,"(UTC-07:00) Arizona",,,4573665.16666667,4390565,4716685,
PNTM9M2jMkKm3GLHpLiq3J4gE,"","North Campus",6c2573ce-592a-4519-989c-2fd21d6918b7,"W", 08/24/2025 01:00:00 PM,"(UTC-07:00) Arizona",,,4759182,4705671,4833497.5,
PNTM9M2jMkKm3GLHpLiq3J4gE,"","North Campus",6c2573ce-592a-4519-989c-2fd21d6918b7,"W", 08/24/2025 01:15:00 PM,"(UTC-07:00) Arizona",,,4744061.33333333,4722793.5,4770161.5,
PNTM9M2jMkKm3GLHpLiq3J4gE,"","North Campus",6c2573ce-592a-4519-989c-2fd21d6918b7,"W", 08/24/2025 01:30:00 PM,"(UTC-07:00) Arizona",,,4755292.5,4733493,4787179.5,
PNTM9M2jMkKm3GLHpLiq3J4gE,"","North Campus",6c2573ce-592a-4519-989c-2fd21d6918b7,"W", 08/24/2025 01:45:00 PM,"(UTC-07:00) Arizona",,,4623993.66666667,4415060.5,4768384.5,
PNTM9M2jMkKm3GLHpLiq3J4gE,"","North Campus",6c2573ce-592a-4519-989c-2fd21d6918b7,"W", 08/24/2025 02:00:00 PM,"(UTC-07:00) Arizona",,,4739757.5,4724865.5,4759505,
PNTM9M2jMkKm3GLHpLiq3J4gE,"","North Campus",6c2573ce-592a-4519-989c-2fd21d6918b7,"W", 08/24/2025 02:15:00 PM,"(UTC-07:00) Arizona",,,4759670.33333333,4740822,4795369,
PNTM9M2jMkKm3GLHpLiq3J4gE,"","North Campus",6c2573ce-592a-4519-989c-2fd21d6918b7,"W", 08/24/2025 02:30:00 PM,"(UTC-07:00) Arizona",,,4696517.33333333,4622842,4738396.5,
PNTM9M2jMkKm3GLHpLiq3J4gE,"","North Campus",6c2573ce-592a-4519-989c-2fd21d6918b7,"W", 08/24/2025 02:45:00 PM,"(UTC-07:00) Arizona",,,4662197.5,4643582,4677168.5,
PNTM9M2jMkKm3GLHpLiq3J4gE,"","North Campus",6c2573ce-592a-4519-989c-2fd21d6918b7,"W", 08/24/2025 03:00:00 PM,"(UTC-07:00) Arizona",,,4688815.83333333,4603795.5,4790030.5,
PNTM9M2jMkKm3GLHpLiq3J4gE,"","North Campus",6c2573ce-592a-4519-989c-2fd21d6918b7,"W", 08/24/2025 03:15:00 PM,"(UTC-07:00) Arizona",,,4675418.83333333,4668159,4683673,
PNTM9M2jMkKm3GLHpLiq3J4gE,"","North Campus",6c2573ce-592a-4519-989c-2fd21d6918b7,"W", 08/24/2025 03:30:00 PM,"(UTC-07:00) Arizona",,,4764124.83333333,4727169,4796094,
PNTM9M2jMkKm3GLHpLiq3J4gE,"","North Campus",6c2573ce-592a-4519-989c-2fd21d6918b7,"W", 08/24/2025 03:45:00 PM,"(UTC-07:00) Arizona",,,4820816.5,4787187.5,4881927,
PNTM9M2jMkKm3GLHpLiq3J4gE,"","North Campus",6c2573ce-592a-4519-989c-2fd21d6918b7,"W", 08/24/2025 04:00:00 PM,"(UTC-07:00) Arizona",,,4778561.16666667,4739866.5,4821257,
PNTM9M2jMkKm3GLHpLiq3J4gE,"","North Campus",6c2573ce-592a-4519-989c-2fd21d6918b7,"W", 08/24/2025 04:15:00 PM,"(UTC-07:00) Arizona",,,4734207,4710872,4748017.5,
PNTM9M2jMkKm3GLHpLiq3J4gE,"","North Campus",6c2573ce-592a-4519-989c-2fd21d6918b7,"W", 08/24/2025 04:30:00 PM,"(UTC-07:00) Arizona",,,4735708.16666667,4708773,4756332,
PNTM9M2jMkKm3GLHpLiq3J4gE,"","North Campus",6c2573ce-592a-4519-989c-2fd21d6918b7,"W", 08/24/2025 04:45:00 PM,"(UTC-07:00) Arizona",,,4654783.16666667,4605007.5,4697028,
PNTM9M2jMkKm3GLHpLiq3J4gE,"","North Campus",6c2573ce-592a-4519-989c-2fd21d6918b7,"W", 08/24/2025 05:00:00 PM,"(UTC-07:00) Arizona",,,4623920.66666667,4613832,4638607.5,
PNTM9M2jMkKm3GLHpLiq3J4gE,"","North Campus",6c2573ce-592a-4519-989c-2fd21d6918b7,"W", 08/24/2025 05:15:00 PM,"(UTC-07:00) Arizona",,,4581572.16666667,4567384.5,4596461,
PNTM9M2jMkKm3GLHpLiq3J4gE,"","North Campus",6c2573ce-592a-4519-989c-2fd21d6918b7,"W", 08/24/2025 05:30:00 PM,"(UTC-07:00) Arizona",,,4620116.5,4601832,4637172,
PNTM9M2jMkKm3GLHpLiq3J4gE,"","North Campus",6c2573ce-592a-4519-989c-2fd21d6918b7,"W", 08/24/2025 05:45:00 PM,"(UTC-07:00) Arizona",,,4594470.66666667,4578861.5,4603923,
PNTM9M2jMkKm3GLHpLiq3J4gE,"","North Campus",6c2573ce-592a-4519-989c-2fd21d6918b7,"W", 08/24/2025 06:00:00 PM,"(UTC-07:00) Arizona",,,4553785.16666667,4505420.5,4609730.5,
PNTM9M2jMkKm3GLHpLiq3J4gE,"","North Campus",6c2573ce-592a-4519-989c-2fd21d6918b7,"W", 08/24/2025 06:15:00 PM,"(UTC-07:00) Arizona",,,4588524.83333333,4566276,4600128.5,
PNTM9M2jMkKm3GLHpLiq3J4gE,"","North Campus",6c2573ce-592a-4519-989c-2fd21d6918b7,"W", 08/24/2025 06:30:00 PM,"(UTC-07:00) Arizona",,,4536706.33333333,4519319.5,4549324,
PNTM9M2jMkKm3GLHpLiq3J4gE,"","North Campus",6c2573ce-592a-4519-989c-2fd21d6918b7,"W", 08/24/2025 06:45:00 PM,"(UTC-07:00) Arizona",,,4511414.66666667,4489565.5,4538173.5,
PNTM9M2jMkKm3GLHpLiq3J4gE,"","North Campus",6c2573ce-592a-4519-989c-2fd21d6918b7,"W", 08/24/2025 07:00:00 PM,"(UTC-07:00) Arizona",,,4526885.5,4495911,4564279.5,
PNTM9M2jMkKm3GLHpLiq3J4gE,"","North Campus",6c2573ce-592a-4519-989c-2fd21d6918b7,"W", 08/24/2025 07:15:00 PM,"(UTC-07:00) Arizona",,,4447117.66666667,4416470,4480713,
PNTM9M2jMkKm3GLHpLiq3J4gE,"","North Campus",6c2573ce-592a-4519-989c-2fd21d6918b7,"W", 08/24/2025 07:30:00 PM,"(UTC-07:00) Arizona",,,4428793.16666667,4407047,4469901,
PNTM9M2jMkKm3GLHpLiq3J4gE,"","North Campus",6c2573ce-592a-4519-989c-2fd21d6918b7,"W", 08/24/2025 07:45:00 PM,"(UTC-07:00) Arizona",,,4413350.33333333,4355235,4470846,
PNTM9M2jMkKm3GLHpLiq3J4gE,"","North Campus",6c2573ce-592a-4519-989c-2fd21d6918b7,"W", 08/24/2025 08:00:00 PM,"(UTC-07:00) Arizona",,,4340334.83333333,4318447,4368633,
PNTM9M2jMkKm3GLHpLiq3J4gE,"","North Campus",6c2573ce-592a-4519-989c-2fd21d6918b7,"W", 08/24/2025 08:15:00 PM,"(UTC-07:00) Arizona",,,4344352.16666667,4333692.5,4350029,
PNTM9M2jMkKm3GLHpLiq3J4gE,"","North Campus",6c2573ce-592a-4519-989c-2fd21d6918b7,"W", 08/24/2025 08:30:00 PM,"(UTC-07:00) Arizona",,,4292784.16666667,4270811,4306523,
PNTM9M2jMkKm3GLHpLiq3J4gE,"","North Campus",6c2573ce-592a-4519-989c-2fd21d6918b7,"W", 08/24/2025 08:45:00 PM,"(UTC-07:00) Arizona",,,4210590,4118770,4266695,
PNTM9M2jMkKm3GLHpLiq3J4gE,"","North Campus",6c2573ce-592a-4519-989c-2fd21d6918b7,"W", 08/24/2025 09:00:00 PM,"(UTC-07:00) Arizona",,,4150602.35,4115154.5,4186050.2,
PNTM9M2jMkKm3GLHpLiq3J4gE,"","North Campus",6c2573ce-592a-4519-989c-2fd21d6918b7,"W", 08/24/2025 09:15:00 PM,"(UTC-07:00) Arizona",,,4153771.76666667,4129858.8,4170877.5,
PNTM9M2jMkKm3GLHpLiq3J4gE,"","North Campus",6c2573ce-592a-4519-989c-2fd21d6918b7,"W", 08/24/2025 09:30:00 PM,"(UTC-07:00) Arizona",,,4166769.3,4142869.2,4195597,
PNTM9M2jMkKm3GLHpLiq3J4gE,"","North Campus",6c2573ce-592a-4519-989c-2fd21d6918b7,"W", 08/24/2025 09:45:00 PM,"(UTC-07:00) Arizona",,,4091514.15,4076882.5,4106145.8,
PNTM9M2jMkKm3GLHpLiq3J4gE,"","North Campus",6c2573ce-592a-4519-989c-2fd21d6918b7,"W", 08/24/2025 10:00:00 PM,"(UTC-07:00) Arizona",,,4069274.95,4041042,4103402.5,
PNTM9M2jMkKm3GLHpLiq3J4gE,"","North Campus",6c2573ce-592a-4519-989c-2fd21d6918b7,"W", 08/24/2025 10:15:00 PM,"(UTC-07:00) Arizona",,,4013457.35,3998668.2,4028246.5,
PNTM9M2jMkKm3GLHpLiq3J4gE,"","North Campus",6c2573ce-592a-4519-989c-2fd21d6918b7,"W", 08/24/2025 10:30:00 PM,"(UTC-07:00) Arizona",,,3935010.93333333,3893937,3961799,
PNTM9M2jMkKm3GLHpLiq3J4gE,"","North Campus",6c2573ce-592a-4519-989c-2fd21d6918b7,"W", 08/24/2025 10:45:00 PM,"(UTC-07:00) Arizona",,,3856854.76666667,3825553,3889371.5,
PNTM9M2jMkKm3GLHpLiq3J4gE,"","North Campus",6c2573ce-592a-4519-989c-2fd21d6918b7,"W", 08/24/2025 11:00:00 PM,"(UTC-07:00) Arizona",,,3807334.1,3786483.8,3838925.5,
PNTM9M2jMkKm3GLHpLiq3J4gE,"","North Campus",6c2573ce-592a-4519-989c-2fd21d6918b7,"W", 08/24/2025 11:15:00 PM,"(UTC-07:00) Arizona",,,3717299.2,3681710.5,3764379,
PNTM9M2jMkKm3GLHpLiq3J4gE,"","North Campus",6c2573ce-592a-4519-989c-2fd21d6918b7,"W", 08/24/2025 11:30:00 PM,"(UTC-07:00) Arizona",,,3706579.8,3690409.8,3722749.8,
PNTM9M2jMkKm3GLHpLiq3J4gE,"","North Campus",6c2573ce-592a-4519-989c-2fd21d6918b7,"W", 08/24/2025 11:45:00 PM,"(UTC-07:00) Arizona",,,3643646.1,3637582,3652491,
